symbol,date,open,high,low,close,change,changePercent,label
MSFT,2024-05-03,402.28,407.15,401.86,406.66,4.38,1.09,"May 03, 24"
MSFT,2024-05-02,397.66,399.93,394.65,397.84,0.18,0.0452648,"May 02, 24"
MSFT,2024-05-01,392.61,401.72,390.31,394.94,2.33,0.59346,"May 01, 24"
MSFT,2024-04-30,401.49,402.16,389.17,389.33,-12.16,-3.03,"April 30, 24"
MSFT,2024-04-29,405.25,406.32,399.19,402.25,-3,-0.74028,"April 29, 24"
MSFT,2024-04-26,412.17,413,405.76,406.32,-5.85,-1.42,"April 26, 24"
MSFT,2024-04-25,394.03,399.89,388.03,399.04,5.01,1.27,"April 25, 24"
MSFT,2024-04-24,409.56,412.47,406.78,409.06,-0.5,-0.12208,"April 24, 24"
MSFT,2024-04-23,404.24,408.2,403.06,407.57,3.33,0.82377,"April 23, 24"
MSFT,2024-04-22,400.08,402.85,395.75,400.96,0.88,0.21996,"April 22, 24"
MSFT,2024-04-19,404.03,405.48,397.77,399.12,-4.91,-1.22,"April 19, 24"
MSFT,2024-04-18,410.63,411.89,403.95,404.27,-6.36,-1.55,"April 18, 24"
MSFT,2024-04-17,417.25,418.88,410.33,411.84,-5.41,-1.3,"April 17, 24"
MSFT,2024-04-16,414.57,418.4,413.73,414.58,0.01,0.00241214,"April 16, 24"
MSFT,2024-04-15,426.6,426.82,413.43,413.64,-12.96,-3.04,"April 15, 24"
MSFT,2024-04-12,424.05,425.18,419.77,421.9,-2.15,-0.50702,"April 12, 24"
MSFT,2024-04-11,425.82,429.37,422.36,427.93,2.11,0.49551,"April 11, 24"
MSFT,2024-04-10,422.19,424.03,419.7,423.26,1.07,0.25344,"April 10, 24"
MSFT,2024-04-09,426.44,427.74,421.62,426.28,-0.16,-0.03751993,"April 09, 24"
MSFT,2024-04-08,425.17,427.28,423.3,424.59,-0.58,-0.13642,"April 08, 24"
MSFT,2024-04-05,420.01,426.51,418.32,425.52,5.51,1.31,"April 05, 24"
MSFT,2024-04-04,424.99,428.67,417.57,417.88,-7.11,-1.67,"April 04, 24"
MSFT,2024-04-03,419.73,423.26,419.09,420.45,0.72,0.17154,"April 03, 24"
MSFT,2024-04-02,420.11,422.38,417.84,421.44,1.33,0.31658,"April 02, 24"
MSFT,2024-04-01,423.95,427.89,422.22,424.57,0.62,0.14624,"April 01, 24"
MSFT,2024-03-28,420.96,421.87,419.12,420.72,-0.24,-0.05701254,"March 28, 24"
MSFT,2024-03-27,424.44,424.45,419.01,421.43,-3.01,-0.70917,"March 27, 24"
MSFT,2024-03-26,425.61,425.99,421.35,421.65,-3.96,-0.93043,"March 26, 24"
MSFT,2024-03-25,425.24,427.41,421.61,422.86,-2.38,-0.55968,"March 25, 24"
MSFT,2024-03-22,429.7,429.86,426.07,428.74,-0.96,-0.22341,"March 22, 24"
MSFT,2024-03-21,429.83,430.82,427.16,429.37,-0.46,-0.10702,"March 21, 24"
MSFT,2024-03-20,422,425.96,420.66,425.23,3.23,0.7654,"March 20, 24"
MSFT,2024-03-19,417.83,421.67,415.55,421.41,3.58,0.85681,"March 19, 24"
MSFT,2024-03-18,414.25,420.73,413.78,417.32,3.07,0.7411,"March 18, 24"
MSFT,2024-03-15,419.29,422.6,412.79,416.42,-2.87,-0.68449,"March 15, 24"
MSFT,2024-03-14,420.24,427.82,417.99,425.22,4.98,1.19,"March 14, 24"
MSFT,2024-03-13,418.1,418.18,411.45,415.1,-3,-0.71753,"March 13, 24"
MSFT,2024-03-12,407.62,415.57,406.79,415.28,7.66,1.88,"March 12, 24"
MSFT,2024-03-11,403.76,405.68,401.26,404.52,0.758,0.18823,"March 11, 24"
MSFT,2024-03-08,407.96,410.42,404.33,406.22,-1.74,-0.42651,"March 08, 24"
MSFT,2024-03-07,406.12,409.78,402.24,409.14,3.02,0.74362,"March 07, 24"
MSFT,2024-03-06,402.97,405.16,398.39,402.09,-0.88,-0.21838,"March 06, 24"
MSFT,2024-03-05,413.96,414.25,400.64,402.65,-11.31,-2.73,"March 05, 24"
MSFT,2024-03-04,413.44,417.35,412.32,414.92,1.48,0.35797,"March 04, 24"
MSFT,2024-03-01,411.27,415.87,410.88,415.5,4.23,1.03,"March 01, 24"
MSFT,2024-02-29,408.64,414.2,405.92,413.64,5,1.22,"February 29, 24"
MSFT,2024-02-28,408.18,409.3,405.32,407.72,-0.455,-0.1127,"February 28, 24"
MSFT,2024-02-27,407.99,408.32,403.85,407.48,-0.51,-0.125,"February 27, 24"
MSFT,2024-02-26,411.46,412.16,407.36,407.54,-3.91,-0.95271,"February 26, 24"
MSFT,2024-02-23,415.67,415.86,408.97,410.34,-5.33,-1.28,"February 23, 24"
MSFT,2024-02-22,410.19,412.83,408.57,411.65,1.46,0.35593,"February 22, 24"
MSFT,2024-02-21,400.17,402.29,397.22,402.18,2.01,0.50229,"February 21, 24"
MSFT,2024-02-20,403.24,404.49,398.01,402.79,-0.45,-0.1116,"February 20, 24"
MSFT,2024-02-16,407.96,408.29,403.44,404.06,-3.9,-0.95598,"February 16, 24"
MSFT,2024-02-15,408.14,409.13,404.29,406.56,-1.58,-0.38712,"February 15, 24"
MSFT,2024-02-14,408.07,409.84,404.57,409.49,1.42,0.34798,"February 14, 24"
MSFT,2024-02-13,404.94,410.07,403.39,406.32,1.38,0.34079,"February 13, 24"
MSFT,2024-02-12,420.56,420.74,414.75,415.26,-5.3,-1.26,"February 12, 24"
MSFT,2024-02-09,415.25,420.82,415.09,420.55,5.3,1.28,"February 09, 24"
MSFT,2024-02-08,414.05,415.56,412.53,414.11,0.06,0.014491,"February 08, 24"
MSFT,2024-02-07,407.44,414.3,407.4,414.05,6.61,1.62,"February 07, 24"
MSFT,2024-02-06,405.88,407.97,402.91,405.49,-0.39,-0.09608751,"February 06, 24"
MSFT,2024-02-05,409.9,411.16,403.99,405.65,-4.25,-1.04,"February 05, 24"
MSFT,2024-02-02,403.81,412.65,403.56,411.22,7.41,1.84,"February 02, 24"
MSFT,2024-02-01,401.83,408,401.8,403.78,1.95,0.48528,"February 01, 24"
MSFT,2024-01-31,406.96,415.32,397.21,397.58,-9.38,-2.3,"January 31, 24"
MSFT,2024-01-30,412.26,413.05,406.45,408.59,-3.67,-0.89021,"January 30, 24"
MSFT,2024-01-29,406.06,409.98,404.33,409.72,3.66,0.90134,"January 29, 24"
MSFT,2024-01-26,404.37,406.17,402.43,403.93,-0.44,-0.10881,"January 26, 24"
MSFT,2024-01-25,404.32,407.01,402.53,404.87,0.55,0.13603,"January 25, 24"
MSFT,2024-01-24,401.54,405.63,400.45,402.56,1.02,0.25402,"January 24, 24"
MSFT,2024-01-23,395.75,399.38,393.93,398.9,3.15,0.79596,"January 23, 24"
MSFT,2024-01-22,400.02,400.62,393.59,396.51,-3.51,-0.87746,"January 22, 24"
MSFT,2024-01-19,395.76,398.67,393.5,398.67,2.91,0.73529,"January 19, 24"
MSFT,2024-01-18,391.72,393.99,390.12,393.87,2.15,0.54886,"January 18, 24"
MSFT,2024-01-17,387.98,390.11,384.81,389.47,1.49,0.38404,"January 17, 24"
MSFT,2024-01-16,393.66,394.03,387.62,390.27,-3.39,-0.86115,"January 16, 24"
MSFT,2024-01-12,385.49,388.68,384.65,388.47,2.98,0.77304,"January 12, 24"
MSFT,2024-01-11,386,390.68,380.38,384.63,-1.37,-0.35492,"January 11, 24"
MSFT,2024-01-10,376.37,384.17,376.32,382.77,6.4,1.7,"January 10, 24"
MSFT,2024-01-09,372.01,375.99,371.19,375.79,3.78,1.02,"January 09, 24"
MSFT,2024-01-08,369.3,375.2,369.01,374.69,5.39,1.46,"January 08, 24"
MSFT,2024-01-05,368.97,372.06,366.5,367.75,-1.22,-0.33065,"January 05, 24"
MSFT,2024-01-04,370.67,373.1,367.17,367.94,-2.73,-0.7365,"January 04, 24"
MSFT,2024-01-03,369.01,373.26,368.51,370.6,1.59,0.43088,"January 03, 24"
MSFT,2024-01-02,373.86,375.9,366.77,370.87,-2.99,-0.79976,"January 02, 24"
MSFT,2023-12-29,376,377.16,373.48,376.04,0.04,0.0106383,"December 29, 23"
MSFT,2023-12-28,375.37,376.46,374.16,375.28,-0.09,-0.02397634,"December 28, 23"
MSFT,2023-12-27,373.69,375.06,372.81,374.07,0.38,0.10169,"December 27, 23"
MSFT,2023-12-26,375,376.94,373.5,374.66,-0.34,-0.09066667,"December 26, 23"
MSFT,2023-12-22,373.68,375.18,372.71,374.58,0.9,0.24085,"December 22, 23"
MSFT,2023-12-21,372.56,374.41,370.04,373.54,0.98,0.26304,"December 21, 23"
MSFT,2023-12-20,375,376.03,370.53,370.62,-4.38,-1.17,"December 20, 23"
MSFT,2023-12-19,371.49,373.26,369.84,373.26,1.77,0.47646,"December 19, 23"
MSFT,2023-12-18,369.45,373,368.68,372.65,3.2,0.86615,"December 18, 23"
MSFT,2023-12-15,366.85,372.4,366.28,370.73,3.88,1.06,"December 15, 23"
MSFT,2023-12-14,373.31,373.76,364.13,365.93,-7.38,-1.98,"December 14, 23"
MSFT,2023-12-13,376.02,377.64,370.77,374.37,-1.65,-0.43881,"December 13, 23"
MSFT,2023-12-12,370.85,374.42,370.46,374.38,3.53,0.95187,"December 12, 23"
MSFT,2023-12-11,368.48,371.6,366.1,371.3,2.82,0.76531,"December 11, 23"
MSFT,2023-12-08,369.2,374.46,368.23,374.23,5.03,1.36,"December 08, 23"
MSFT,2023-12-07,368.23,371.45,366.32,370.95,2.72,0.73867,"December 07, 23"
MSFT,2023-12-06,373.54,374.18,368.03,368.8,-4.74,-1.27,"December 06, 23"
MSFT,2023-12-05,366.45,373.08,365.62,372.52,6.07,1.66,"December 05, 23"
MSFT,2023-12-04,369.1,369.52,362.9,369.14,0.04,0.01083717,"December 04, 23"
MSFT,2023-12-01,376.76,378.16,371.31,374.51,-2.25,-0.5972,"December 01, 23"
MSFT,2023-11-30,378.49,380.09,375.47,378.91,0.42,0.11097,"November 30, 23"
MSFT,2023-11-29,383.76,384.3,377.44,378.85,-4.91,-1.28,"November 29, 23"
MSFT,2023-11-28,378.35,383,378.16,382.7,4.35,1.15,"November 28, 23"
MSFT,2023-11-27,376.78,380.64,376.2,378.61,1.83,0.48569,"November 27, 23"
MSFT,2023-11-24,377.33,377.97,375.14,377.43,0.1,0.026502,"November 24, 23"
MSFT,2023-11-22,378,379.79,374.97,377.85,-0.15,-0.03968254,"November 22, 23"
MSFT,2023-11-21,375.67,376.22,371.12,373.07,-2.6,-0.6921,"November 21, 23"
MSFT,2023-11-20,371.22,378.87,371,377.44,6.22,1.68,"November 20, 23"
MSFT,2023-11-17,373.61,374.37,367,369.85,-3.76,-1.01,"November 17, 23"
MSFT,2023-11-16,370.96,376.35,370.18,376.17,5.21,1.4,"November 16, 23"
MSFT,2023-11-15,371.28,373.13,367.11,369.67,-1.61,-0.43363,"November 15, 23"
MSFT,2023-11-14,371.01,371.95,367.35,370.27,-0.74,-0.19946,"November 14, 23"
MSFT,2023-11-13,368.22,368.47,365.9,366.68,-1.54,-0.41823,"November 13, 23"
MSFT,2023-11-10,361.49,370.1,361.07,369.67,8.18,2.26,"November 10, 23"
MSFT,2023-11-09,362.3,364.79,360.36,360.69,-1.61,-0.44438,"November 09, 23"
MSFT,2023-11-08,361.68,363.87,360.55,363.2,1.52,0.42026,"November 08, 23"
MSFT,2023-11-07,359.4,362.46,357.63,360.53,1.13,0.31441,"November 07, 23"
MSFT,2023-11-06,353.45,357.54,353.35,356.53,3.08,0.87141,"November 06, 23"
MSFT,2023-11-03,349.63,354.39,347.33,352.8,3.17,0.90667,"November 03, 23"
MSFT,2023-11-02,347.24,348.83,344.77,348.32,1.08,0.31102,"November 02, 23"
MSFT,2023-11-01,339.79,347.42,339.65,346.07,6.28,1.85,"November 01, 23"
MSFT,2023-10-31,338.85,339,334.69,338.11,-0.74,-0.21839,"October 31, 23"
MSFT,2023-10-30,333.41,339.45,331.83,337.31,3.9,1.17,"October 30, 23"
MSFT,2023-10-27,330.43,336.72,328.4,329.81,-0.62,-0.18763,"October 27, 23"
MSFT,2023-10-26,340.54,341.63,326.94,327.89,-12.65,-3.71,"October 26, 23"
MSFT,2023-10-25,345.02,346.2,337.62,340.67,-4.35,-1.26,"October 25, 23"
MSFT,2023-10-24,331.3,331.84,327.6,330.53,-0.77,-0.23242,"October 24, 23"
MSFT,2023-10-23,325.47,332.73,324.39,329.32,3.85,1.18,"October 23, 23"
MSFT,2023-10-20,331.72,331.92,325.45,326.67,-5.05,-1.52,"October 20, 23"
MSFT,2023-10-19,332.15,336.88,330.91,331.32,-0.83,-0.24989,"October 19, 23"
MSFT,2023-10-18,332.49,335.59,328.3,330.11,-2.38,-0.71581,"October 18, 23"
MSFT,2023-10-17,329.59,333.46,327.41,332.06,2.47,0.74942,"October 17, 23"
MSFT,2023-10-16,331.05,336.14,330.6,332.64,1.59,0.48029,"October 16, 23"
MSFT,2023-10-13,332.38,333.83,326.36,327.73,-4.65,-1.4,"October 13, 23"
MSFT,2023-10-12,330.57,333.63,328.72,331.16,0.59,0.17848,"October 12, 23"
MSFT,2023-10-11,331.21,332.82,329.14,332.42,1.21,0.36533,"October 11, 23"
MSFT,2023-10-10,330.96,331.1,327.67,328.39,-2.57,-0.77653,"October 10, 23"
MSFT,2023-10-09,324.75,330.3,323.18,329.82,5.07,1.56,"October 09, 23"
MSFT,2023-10-06,316.55,329.19,316.3,327.26,10.71,3.38,"October 06, 23"
MSFT,2023-10-05,319.09,319.98,314.9,319.36,0.27,0.08461563,"October 05, 23"
MSFT,2023-10-04,314.03,320.04,314,318.96,4.93,1.57,"October 04, 23"
MSFT,2023-10-03,320.83,321.39,311.21,313.39,-7.44,-2.32,"October 03, 23"
MSFT,2023-10-02,316.28,321.89,315.18,321.8,5.52,1.75,"October 02, 23"
MSFT,2023-09-29,317.75,319.47,314.98,315.75,-2,-0.62943,"September 29, 23"
MSFT,2023-09-28,310.99,315.48,309.45,313.64,2.65,0.85212,"September 28, 23"
MSFT,2023-09-27,312.3,314.3,309.69,312.79,0.49,0.1569,"September 27, 23"
MSFT,2023-09-26,315.13,315.88,310.02,312.14,-2.99,-0.94881,"September 26, 23"
MSFT,2023-09-25,316.59,317.67,315,317.54,0.95,0.30007,"September 25, 23"
MSFT,2023-09-22,321.32,321.45,316.15,317.01,-4.31,-1.34,"September 22, 23"
MSFT,2023-09-21,319.26,325.35,315,319.53,0.27,0.08457057,"September 21, 23"
MSFT,2023-09-20,329.51,329.59,320.51,320.77,-8.74,-2.65,"September 20, 23"
MSFT,2023-09-19,326.17,329.39,324.51,328.65,2.48,0.76034,"September 19, 23"
MSFT,2023-09-18,327.8,330.4,326.36,329.06,1.26,0.38438,"September 18, 23"
MSFT,2023-09-15,336.92,337.4,329.65,330.22,-6.7,-1.99,"September 15, 23"
MSFT,2023-09-14,339.15,340.86,336.57,338.7,-0.45,-0.13268,"September 14, 23"
MSFT,2023-09-13,331.31,336.85,331.17,336.06,4.75,1.43,"September 13, 23"
MSFT,2023-09-12,335.82,336.79,331.48,331.77,-4.05,-1.21,"September 12, 23"
MSFT,2023-09-11,337.24,338.42,335.43,337.94,0.7,0.20757,"September 11, 23"
MSFT,2023-09-08,330.09,336.16,329.46,334.27,4.18,1.27,"September 08, 23"
MSFT,2023-09-07,331.29,333.08,329.03,329.91,-1.38,-0.41655,"September 07, 23"
MSFT,2023-09-06,333.38,334.46,330.18,332.88,-0.5,-0.14998,"September 06, 23"
MSFT,2023-09-05,329,334.85,328.66,333.55,4.55,1.38,"September 05, 23"
MSFT,2023-09-01,331.31,331.99,326.78,328.66,-2.65,-0.79986,"September 01, 23"
MSFT,2023-08-31,329.2,330.91,326.78,327.76,-1.44,-0.43742,"August 31, 23"
MSFT,2023-08-30,328.67,329.81,326.45,328.79,0.12,0.03651079,"August 30, 23"
MSFT,2023-08-29,321.88,328.98,321.88,328.41,6.53,2.03,"August 29, 23"
MSFT,2023-08-28,325.66,326.15,321.72,323.7,-1.96,-0.60185,"August 28, 23"
MSFT,2023-08-25,321.47,325.36,318.8,322.98,1.51,0.46972,"August 25, 23"
MSFT,2023-08-24,332.85,332.98,319.96,319.97,-12.88,-3.87,"August 24, 23"
MSFT,2023-08-23,323.82,329.2,323.46,327,3.18,0.98203,"August 23, 23"
MSFT,2023-08-22,325.5,326.08,321.46,322.46,-3.04,-0.93395,"August 22, 23"
MSFT,2023-08-21,317.93,322.77,317.04,321.88,3.95,1.24,"August 21, 23"
MSFT,2023-08-18,314.49,318.38,311.55,316.48,1.99,0.63277,"August 18, 23"
MSFT,2023-08-17,320.54,321.87,316.21,316.88,-3.66,-1.14,"August 17, 23"
MSFT,2023-08-16,320.8,324.42,319.8,320.4,-0.4,-0.12469,"August 16, 23"
MSFT,2023-08-15,323,325.09,320.9,321.86,-1.14,-0.35294,"August 15, 23"
MSFT,2023-08-14,321.39,324.06,320.08,324.04,2.65,0.82454,"August 14, 23"
MSFT,2023-08-11,320.26,322.41,319.21,321.01,0.75,0.23418,"August 11, 23"
MSFT,2023-08-10,326.02,328.26,321.18,322.93,-3.09,-0.94779,"August 10, 23"
MSFT,2023-08-09,326.47,327.11,321.05,322.23,-4.24,-1.3,"August 09, 23"
MSFT,2023-08-08,326.96,328.75,323,326.05,-0.91,-0.27832,"August 08, 23"
MSFT,2023-08-07,328.37,331.11,327.52,330.11,1.74,0.52989,"August 07, 23"
MSFT,2023-08-04,331.88,335.14,327.24,327.78,-4.1,-1.24,"August 04, 23"
MSFT,2023-08-03,326,329.88,325.95,326.66,0.66,0.20245,"August 03, 23"
MSFT,2023-08-02,333.63,333.63,326.36,327.5,-6.13,-1.84,"August 02, 23"
MSFT,2023-08-01,335.19,338.54,333.7,336.34,1.15,0.34309,"August 01, 23"
MSFT,2023-07-31,336.92,337.7,333.36,335.92,-1,-0.29681,"July 31, 23"
MSFT,2023-07-28,333.67,340.01,333.17,338.37,4.7,1.41,"July 28, 23"
MSFT,2023-07-27,340.48,341.33,329.05,330.72,-9.76,-2.87,"July 27, 23"
MSFT,2023-07-26,341.44,344.67,333.11,337.77,-3.67,-1.07,"July 26, 23"
MSFT,2023-07-25,347.11,351.89,345.07,350.98,3.87,1.11,"July 25, 23"
MSFT,2023-07-24,345.85,346.92,342.31,345.11,-0.74,-0.21397,"July 24, 23"
MSFT,2023-07-21,349.15,350.3,339.83,343.77,-5.38,-1.54,"July 21, 23"
MSFT,2023-07-20,353.57,357.97,345.37,346.87,-6.7,-1.89,"July 20, 23"
MSFT,2023-07-19,361.75,362.46,352.44,355.08,-6.67,-1.84,"July 19, 23"
MSFT,2023-07-18,345.83,366.78,342.17,359.49,13.66,3.95,"July 18, 23"
MSFT,2023-07-17,345.68,346.99,342.2,345.73,0.05,0.01446424,"July 17, 23"
MSFT,2023-07-14,347.59,351.43,344.31,345.24,-2.35,-0.67608,"July 14, 23"
MSFT,2023-07-13,339.56,343.74,339.02,342.66,3.1,0.91295,"July 13, 23"
MSFT,2023-07-12,336.6,341.65,335.67,337.2,0.6,0.17825,"July 12, 23"
MSFT,2023-07-11,331.06,332.86,327,332.47,1.41,0.4259,"July 11, 23"
MSFT,2023-07-10,334.6,335.23,327.59,331.83,-2.77,-0.82785,"July 10, 23"
MSFT,2023-07-07,339.32,341.79,337,337.22,-2.1,-0.61888,"July 07, 23"
MSFT,2023-07-06,337.3,342.99,335.5,341.27,3.97,1.18,"July 06, 23"
MSFT,2023-07-05,335.09,341.65,334.73,338.15,3.06,0.91319,"July 05, 23"
MSFT,2023-07-03,339.19,340.9,336.57,337.99,-1.2,-0.35378,"July 03, 23"
MSFT,2023-06-30,337.75,342.73,337.2,340.54,2.79,0.82605,"June 30, 23"
MSFT,2023-06-29,334.71,336.11,332.62,335.05,0.34,0.10158,"June 29, 23"
MSFT,2023-06-28,334.66,337.98,333.81,335.85,1.19,0.35558,"June 28, 23"
MSFT,2023-06-27,331.86,336.15,329.3,334.57,2.71,0.81661,"June 27, 23"
MSFT,2023-06-26,333.72,336.11,328.49,328.6,-5.12,-1.53,"June 26, 23"
MSFT,2023-06-23,334.36,337.96,333.45,335.02,0.66,0.19739,"June 23, 23"
MSFT,2023-06-22,334.12,340.12,333.34,339.71,5.59,1.67,"June 22, 23"
MSFT,2023-06-21,336.37,337.73,332.07,333.56,-2.81,-0.83539,"June 21, 23"
MSFT,2023-06-20,339.31,342.08,335.86,338.05,-1.26,-0.37134,"June 20, 23"
MSFT,2023-06-16,351.32,351.47,341.95,342.33,-8.99,-2.56,"June 16, 23"
MSFT,2023-06-15,337.48,349.84,337.2,348.1,10.62,3.15,"June 15, 23"
MSFT,2023-06-14,334.34,339.04,332.81,337.34,3,0.89729,"June 14, 23"
MSFT,2023-06-13,334.47,336.98,330.39,334.29,-0.18,-0.05381649,"June 13, 23"
MSFT,2023-06-12,328.58,332.1,325.16,331.85,3.27,0.99519,"June 12, 23"
MSFT,2023-06-09,324.99,329.99,324.41,326.79,1.8,0.55386,"June 09, 23"
MSFT,2023-06-08,323.94,326.64,323.35,325.26,1.32,0.40748,"June 08, 23"
MSFT,2023-06-07,331.65,334.49,322.5,323.38,-8.27,-2.49,"June 07, 23"
MSFT,2023-06-06,335.33,335.37,332.17,333.68,-1.65,-0.49205,"June 06, 23"
MSFT,2023-06-05,335.22,338.56,334.66,335.94,0.72,0.21478,"June 05, 23"
MSFT,2023-06-02,334.25,337.5,332.55,335.4,1.15,0.34405,"June 02, 23"
MSFT,2023-06-01,325.93,333.53,324.72,332.58,6.65,2.04,"June 01, 23"
MSFT,2023-05-31,332.29,335.94,327.33,328.39,-3.9,-1.17,"May 31, 23"
MSFT,2023-05-30,335.23,335.74,330.52,331.21,-4.02,-1.2,"May 30, 23"
MSFT,2023-05-26,324.02,333.4,323.88,332.89,8.87,2.74,"May 26, 23"
MSFT,2023-05-25,323.24,326.9,320,325.92,2.68,0.82911,"May 25, 23"
MSFT,2023-05-24,314.73,316.5,312.61,313.85,-0.88,-0.2796,"May 24, 23"
MSFT,2023-05-23,320.03,322.72,315.25,315.26,-4.77,-1.49,"May 23, 23"
MSFT,2023-05-22,318.6,322.59,318.01,321.18,2.58,0.80979,"May 22, 23"
MSFT,2023-05-19,316.74,318.75,316.37,318.34,1.6,0.50515,"May 19, 23"
MSFT,2023-05-18,314.53,319.04,313.72,318.52,3.99,1.27,"May 18, 23"
MSFT,2023-05-17,312.29,314.43,310.74,314,1.71,0.54757,"May 17, 23"
MSFT,2023-05-16,309.83,313.71,309.83,311.74,1.91,0.61647,"May 16, 23"
MSFT,2023-05-15,309.1,309.9,307.59,309.46,0.36,0.11647,"May 15, 23"
MSFT,2023-05-12,310.55,310.65,306.6,308.97,-1.58,-0.50877,"May 12, 23"
MSFT,2023-05-11,310.1,311.12,306.26,310.11,0.01,0.00322477,"May 11, 23"
MSFT,2023-05-10,308.62,313,307.67,312.31,3.69,1.2,"May 10, 23"
MSFT,2023-05-09,308,310.04,306.31,307,-1,-0.32468,"May 09, 23"
MSFT,2023-05-08,310.13,310.2,306.09,308.65,-1.48,-0.47722,"May 08, 23"
MSFT,2023-05-05,305.72,311.97,304.27,310.65,4.93,1.61,"May 05, 23"
MSFT,2023-05-04,306.24,307.76,303.4,305.41,-0.83,-0.27103,"May 04, 23"
MSFT,2023-05-03,306.62,308.61,304.09,304.4,-2.22,-0.72402,"May 03, 23"
MSFT,2023-05-02,307.76,309.18,303.91,305.41,-2.35,-0.76358,"May 02, 23"
MSFT,2023-05-01,306.97,308.6,305.15,305.56,-1.41,-0.45933,"May 01, 23"
MSFT,2023-04-28,304.01,308.93,303.31,307.26,3.25,1.07,"April 28, 23"
MSFT,2023-04-27,295.97,305.2,295.25,304.83,8.86,2.99,"April 27, 23"
MSFT,2023-04-26,296.7,299.57,292.73,295.37,-1.33,-0.44826,"April 26, 23"
MSFT,2023-04-25,279.51,281.6,275.37,275.42,-4.09,-1.46,"April 25, 23"
MSFT,2023-04-24,282.09,284.95,278.72,281.77,-0.32,-0.11344,"April 24, 23"
MSFT,2023-04-21,285.01,286.27,283.06,285.76,0.75,0.26315,"April 21, 23"
MSFT,2023-04-20,285.25,289.03,285.08,286.11,0.86,0.30149,"April 20, 23"
MSFT,2023-04-19,285.99,289.05,284.54,288.45,2.46,0.86017,"April 19, 23"
MSFT,2023-04-18,291.57,291.76,287.01,288.37,-3.2,-1.1,"April 18, 23"
MSFT,2023-04-17,289.93,291.6,286.16,288.8,-1.13,-0.38975,"April 17, 23"
MSFT,2023-04-14,287,288.48,283.69,286.14,-0.86,-0.29965,"April 14, 23"
MSFT,2023-04-13,283.59,289.9,283.17,289.84,6.25,2.2,"April 13, 23"
MSFT,2023-04-12,284.79,287.01,281.96,283.49,-1.3,-0.45648,"April 12, 23"
MSFT,2023-04-11,285.75,285.98,281.64,282.83,-2.92,-1.02,"April 11, 23"
MSFT,2023-04-10,289.21,289.6,284.71,289.39,0.18,0.06223851,"April 10, 23"
MSFT,2023-04-06,283.21,292.08,282.03,291.6,8.39,2.96,"April 06, 23"
MSFT,2023-04-05,285.85,287.15,282.92,284.34,-1.51,-0.52825,"April 05, 23"
MSFT,2023-04-04,287.23,290.45,285.67,287.18,-0.05,-0.01740765,"April 04, 23"
MSFT,2023-04-03,286.52,288.27,283.95,287.23,0.71,0.2478,"April 03, 23"
MSFT,2023-03-31,283.73,289.27,283,288.3,4.57,1.61,"March 31, 23"
MSFT,2023-03-30,284.23,284.46,281.48,284.05,-0.18,-0.06332899,"March 30, 23"
MSFT,2023-03-29,278.96,281.14,278.41,280.51,1.55,0.55564,"March 29, 23"
MSFT,2023-03-28,275.79,276.14,272.05,275.23,-0.56,-0.20305,"March 28, 23"
MSFT,2023-03-27,280.5,281.46,275.52,276.38,-4.12,-1.47,"March 27, 23"
MSFT,2023-03-24,277.24,280.63,275.28,280.57,3.33,1.2,"March 24, 23"
MSFT,2023-03-23,277.94,281.06,275.2,277.66,-0.28,-0.10074,"March 23, 23"
MSFT,2023-03-22,273.4,281.04,272.18,272.29,-1.11,-0.406,"March 22, 23"
MSFT,2023-03-21,274.88,275,269.52,273.78,-1.1,-0.40017,"March 21, 23"
MSFT,2023-03-20,276.98,277.48,269.85,272.23,-4.75,-1.71,"March 20, 23"
MSFT,2023-03-17,278.26,283.33,276.32,279.43,1.17,0.42047,"March 17, 23"
MSFT,2023-03-16,265.21,276.56,263.28,276.2,10.99,4.14,"March 16, 23"
MSFT,2023-03-15,259.98,266.48,259.21,265.44,5.46,2.1,"March 15, 23"
MSFT,2023-03-14,256.75,261.07,255.86,260.79,4.04,1.57,"March 14, 23"
MSFT,2023-03-13,247.4,257.91,245.73,253.92,6.52,2.64,"March 13, 23"
MSFT,2023-03-10,251.08,252.79,247.6,248.59,-2.49,-0.99172,"March 10, 23"
MSFT,2023-03-09,255.82,259.56,251.58,252.32,-3.5,-1.37,"March 09, 23"
MSFT,2023-03-08,254.04,254.54,250.81,253.7,-0.34,-0.13384,"March 08, 23"
MSFT,2023-03-07,256.3,257.69,253.39,254.15,-2.15,-0.83886,"March 07, 23"
MSFT,2023-03-06,256.43,260.12,255.98,256.87,0.44,0.17159,"March 06, 23"
MSFT,2023-03-03,252.19,255.62,251.39,255.29,3.1,1.23,"March 03, 23"
MSFT,2023-03-02,246.55,251.4,245.61,251.11,4.56,1.85,"March 02, 23"
MSFT,2023-03-01,250.76,250.93,245.79,246.27,-4.49,-1.79,"March 01, 23"
MSFT,2023-02-28,249.07,251.49,248.73,249.42,0.35,0.14052,"February 28, 23"
MSFT,2023-02-27,252.46,252.82,249.39,250.16,-2.3,-0.91104,"February 27, 23"
MSFT,2023-02-24,249.96,251,248.1,249.22,-0.74,-0.29605,"February 24, 23"
MSFT,2023-02-23,255.56,256.84,250.48,254.77,-0.79,-0.30913,"February 23, 23"
MSFT,2023-02-22,254.09,254.34,250.34,251.51,-2.58,-1.02,"February 22, 23"
MSFT,2023-02-21,254.48,255.49,251.59,252.67,-1.81,-0.71125,"February 21, 23"
MSFT,2023-02-17,259.39,260.09,256,258.06,-1.33,-0.51274,"February 17, 23"
MSFT,2023-02-16,264.02,266.74,261.9,262.15,-1.87,-0.70828,"February 16, 23"
MSFT,2023-02-15,268.32,270.73,266.18,269.32,1,0.37269,"February 15, 23"
MSFT,2023-02-14,272.67,274.97,269.28,272.17,-0.5,-0.18337,"February 14, 23"
MSFT,2023-02-13,267.64,274.6,267.15,271.32,3.68,1.37,"February 13, 23"
MSFT,2023-02-10,261.53,264.09,260.66,263.1,1.57,0.60031,"February 10, 23"
MSFT,2023-02-09,273.8,273.98,262.8,263.62,-10.18,-3.72,"February 09, 23"
MSFT,2023-02-08,273.2,276.76,266.21,266.73,-6.47,-2.37,"February 08, 23"
MSFT,2023-02-07,260.53,268.77,260.08,267.56,7.03,2.7,"February 07, 23"
MSFT,2023-02-06,257.44,258.3,254.78,256.77,-0.67,-0.26025,"February 06, 23"
MSFT,2023-02-03,259.54,264.2,257.1,258.35,-1.19,-0.4585,"February 03, 23"
MSFT,2023-02-02,258.82,264.69,257.25,264.6,5.78,2.23,"February 02, 23"
MSFT,2023-02-01,248,255.18,245.47,252.75,4.75,1.92,"February 01, 23"
MSFT,2023-01-31,243.45,247.95,242.95,247.81,4.36,1.79,"January 31, 23"
MSFT,2023-01-30,244.51,245.6,242.2,242.71,-1.8,-0.73617,"January 30, 23"
MSFT,2023-01-27,248.99,249.83,246.83,248.16,-0.83,-0.33335,"January 27, 23"
MSFT,2023-01-26,243.65,248.31,242,248,4.35,1.79,"January 26, 23"
MSFT,2023-01-25,234.48,243.3,230.9,240.61,6.13,2.61,"January 25, 23"
MSFT,2023-01-24,242.5,243.95,240.44,242.04,-0.46,-0.18969,"January 24, 23"
MSFT,2023-01-23,241.1,245.17,239.65,242.58,1.48,0.61385,"January 23, 23"
MSFT,2023-01-20,234.86,240.74,234.51,240.22,5.36,2.28,"January 20, 23"
MSFT,2023-01-19,233.78,235.52,230.68,231.93,-1.85,-0.79134,"January 19, 23"
MSFT,2023-01-18,241.57,242.38,235.52,235.81,-5.76,-2.38,"January 18, 23"
MSFT,2023-01-17,237.97,240.91,237.09,240.35,2.38,1,"January 17, 23"
MSFT,2023-01-13,237,239.37,234.92,239.23,2.23,0.94093,"January 13, 23"
MSFT,2023-01-12,235.26,239.9,233.56,238.51,3.25,1.38,"January 12, 23"
MSFT,2023-01-11,231.29,235.95,231.11,235.77,4.48,1.94,"January 11, 23"
MSFT,2023-01-10,227.76,231.31,227.33,228.85,1.09,0.47857,"January 10, 23"
MSFT,2023-01-09,226.45,231.24,226.41,227.12,0.67,0.29587,"January 09, 23"
MSFT,2023-01-06,223,225.76,219.35,224.93,1.93,0.86547,"January 06, 23"
MSFT,2023-01-05,227.2,227.55,221.76,222.31,-4.89,-2.15,"January 05, 23"
MSFT,2023-01-04,232.28,232.87,225.96,229.1,-3.18,-1.37,"January 04, 23"
MSFT,2023-01-03,243.08,245.75,237.4,239.58,-3.5,-1.44,"January 03, 23"
MSFT,2022-12-30,238.21,239.96,236.66,239.82,1.61,0.67587,"December 30, 22"
MSFT,2022-12-29,235.65,241.92,235.65,241.01,5.36,2.27,"December 29, 22"
MSFT,2022-12-28,236.89,239.72,234.17,234.53,-2.36,-0.99624,"December 28, 22"
MSFT,2022-12-27,238.7,238.93,235.83,236.96,-1.74,-0.72895,"December 27, 22"
MSFT,2022-12-23,236.11,238.87,233.94,238.73,2.62,1.11,"December 23, 22"
MSFT,2022-12-22,241.26,241.99,233.87,238.19,-3.07,-1.27,"December 22, 22"
MSFT,2022-12-21,241.69,245.62,240.11,244.43,2.74,1.13,"December 21, 22"
MSFT,2022-12-20,239.4,242.91,238.42,241.8,2.4,1,"December 20, 22"
MSFT,2022-12-19,244.86,245.21,238.71,240.45,-4.41,-1.8,"December 19, 22"
MSFT,2022-12-16,248.55,249.84,243.51,244.69,-3.86,-1.55,"December 16, 22"
MSFT,2022-12-15,253.72,254.2,247.34,249.01,-4.71,-1.86,"December 15, 22"
MSFT,2022-12-14,257.13,262.59,254.31,257.22,0.09,0.03500175,"December 14, 22"
MSFT,2022-12-13,261.69,263.92,253.07,256.92,-4.77,-1.82,"December 13, 22"
MSFT,2022-12-12,247.45,252.54,247.17,252.51,5.06,2.04,"December 12, 22"
MSFT,2022-12-09,244.7,248.31,244.16,245.42,0.72,0.29424,"December 09, 22"
MSFT,2022-12-08,244.84,248.74,243.06,247.4,2.56,1.05,"December 08, 22"
MSFT,2022-12-07,244.83,246.16,242.21,244.37,-0.46,-0.18789,"December 07, 22"
MSFT,2022-12-06,250.82,251.86,243.78,245.12,-5.7,-2.27,"December 06, 22"
MSFT,2022-12-05,252.01,253.82,248.06,250.2,-1.81,-0.71823,"December 05, 22"
MSFT,2022-12-02,249.82,256.06,249.69,255.02,5.2,2.08,"December 02, 22"
MSFT,2022-12-01,253.87,256.12,250.92,254.69,0.82,0.323,"December 01, 22"
MSFT,2022-11-30,240.57,255.33,239.86,255.14,14.57,6.06,"November 30, 22"
MSFT,2022-11-29,241.4,242.79,238.21,240.33,-1.07,-0.44325,"November 29, 22"
MSFT,2022-11-28,246.08,246.65,240.8,241.76,-4.32,-1.76,"November 28, 22"
MSFT,2022-11-25,247.31,248.7,246.73,247.49,0.18,0.07278315,"November 25, 22"
MSFT,2022-11-23,245.11,248.28,244.27,247.58,2.47,1.01,"November 23, 22"
MSFT,2022-11-22,243.59,245.31,240.71,245.03,1.44,0.59116,"November 22, 22"
MSFT,2022-11-21,241.43,244.67,241.19,242.05,0.62,0.2568,"November 21, 22"
MSFT,2022-11-18,243.51,243.74,239.03,241.22,-2.29,-0.94041,"November 18, 22"
MSFT,2022-11-17,237.78,243.25,237.63,241.68,3.9,1.64,"November 17, 22"
MSFT,2022-11-16,242.79,243.8,240.42,241.73,-1.06,-0.43659,"November 16, 22"
MSFT,2022-11-15,245.66,247,240.03,241.97,-3.69,-1.5,"November 15, 22"
MSFT,2022-11-14,241.99,243.91,239.21,241.55,-0.44,-0.18183,"November 14, 22"
MSFT,2022-11-11,242.99,247.99,241.93,247.11,4.12,1.7,"November 11, 22"
MSFT,2022-11-10,235.43,243.33,235,242.98,7.55,3.21,"November 10, 22"
MSFT,2022-11-09,227.37,228.63,224.33,224.51,-2.86,-1.26,"November 09, 22"
MSFT,2022-11-08,228.7,231.65,225.84,228.87,0.17,0.07433319,"November 08, 22"
MSFT,2022-11-07,221.99,228.41,221.28,227.87,5.88,2.65,"November 07, 22"
MSFT,2022-11-04,217.55,221.59,213.43,221.39,3.84,1.77,"November 04, 22"
MSFT,2022-11-03,220.09,220.41,213.98,214.25,-5.84,-2.65,"November 03, 22"
MSFT,2022-11-02,229.46,231.3,220.04,220.1,-9.36,-4.08,"November 02, 22"
MSFT,2022-11-01,234.6,235.74,227.33,228.17,-6.43,-2.74,"November 01, 22"
MSFT,2022-10-31,233.76,234.92,231.15,232.13,-1.63,-0.6973,"October 31, 22"
MSFT,2022-10-28,226.24,236.6,226.05,235.87,9.63,4.26,"October 28, 22"
MSFT,2022-10-27,231.04,233.69,225.78,226.75,-4.29,-1.86,"October 27, 22"
MSFT,2022-10-26,231.17,238.3,230.06,231.32,0.15,0.06488731,"October 26, 22"
MSFT,2022-10-25,247.26,251.04,245.83,250.66,3.4,1.38,"October 25, 22"
MSFT,2022-10-24,243.76,247.84,241.3,247.25,3.49,1.43,"October 24, 22"
MSFT,2022-10-21,234.74,243,234.5,242.12,7.38,3.14,"October 21, 22"
MSFT,2022-10-20,235.77,241.31,234.87,236.15,0.38,0.16117,"October 20, 22"
MSFT,2022-10-19,237.04,239.61,234.29,236.48,-0.56,-0.23625,"October 19, 22"
MSFT,2022-10-18,243.24,243.93,235.37,238.5,-4.74,-1.95,"October 18, 22"
MSFT,2022-10-17,235.82,238.96,235.14,237.53,1.71,0.72513,"October 17, 22"
MSFT,2022-10-14,235.54,237.24,228.34,228.56,-6.98,-2.96,"October 14, 22"
MSFT,2022-10-13,219.85,236.1,219.13,234.24,14.39,6.55,"October 13, 22"
MSFT,2022-10-12,225.4,227.86,223.96,225.75,0.35,0.15528,"October 12, 22"
MSFT,2022-10-11,227.62,229.06,224.11,225.41,-2.21,-0.97092,"October 11, 22"
MSFT,2022-10-10,233.05,234.56,226.73,229.25,-3.8,-1.63,"October 10, 22"
MSFT,2022-10-07,240.9,241.32,233.17,234.24,-6.66,-2.76,"October 07, 22"
MSFT,2022-10-06,247.93,250.34,246.08,246.79,-1.14,-0.45981,"October 06, 22"
MSFT,2022-10-05,245.99,250.58,244.1,249.2,3.21,1.3,"October 05, 22"
MSFT,2022-10-04,245.09,250.36,244.98,248.88,3.79,1.55,"October 04, 22"
MSFT,2022-10-03,235.41,241.61,234.66,240.74,5.33,2.26,"October 03, 22"
MSFT,2022-09-30,238.29,240.54,232.73,232.9,-5.39,-2.26,"September 30, 22"
MSFT,2022-09-29,238.89,239.95,234.41,237.5,-1.39,-0.58186,"September 29, 22"
MSFT,2022-09-28,236.81,242.33,234.73,241.07,4.26,1.8,"September 28, 22"
MSFT,2022-09-27,239.98,241.8,234.5,236.41,-3.57,-1.49,"September 27, 22"
MSFT,2022-09-26,237.05,241.45,236.9,237.45,0.4,0.16874,"September 26, 22"
MSFT,2022-09-23,239.54,241.13,235.2,237.92,-1.62,-0.6763,"September 23, 22"
MSFT,2022-09-22,237.87,243.86,237.57,240.98,3.11,1.31,"September 22, 22"
MSFT,2022-09-21,244.27,247.66,238.9,238.95,-5.32,-2.18,"September 21, 22"
MSFT,2022-09-20,242.07,243.51,239.64,242.45,0.38,0.15698,"September 20, 22"
MSFT,2022-09-19,242.47,245.14,240.85,244.52,2.05,0.84547,"September 19, 22"
MSFT,2022-09-16,244.26,245.3,242.06,244.74,0.48,0.19651,"September 16, 22"
MSFT,2022-09-15,249.77,251.4,244.02,245.38,-4.39,-1.76,"September 15, 22"
MSFT,2022-09-14,253.53,254.23,249.86,252.22,-1.31,-0.5167,"September 14, 22"
MSFT,2022-09-13,258.84,260.4,251.59,251.99,-6.85,-2.65,"September 13, 22"
MSFT,2022-09-12,265.78,267.45,265.16,266.65,0.87,0.32734,"September 12, 22"
MSFT,2022-09-09,260.5,265.23,260.29,264.46,3.96,1.52,"September 09, 22"
MSFT,2022-09-08,257.51,260.43,254.79,258.52,1.01,0.39222,"September 08, 22"
MSFT,2022-09-07,254.7,258.83,253.22,258.09,3.39,1.33,"September 07, 22"
MSFT,2022-09-06,256.2,257.83,251.94,253.25,-2.95,-1.15,"September 06, 22"
MSFT,2022-09-02,261.7,264.74,254.47,256.06,-5.64,-2.16,"September 02, 22"
MSFT,2022-09-01,258.87,260.89,255.41,260.4,1.53,0.59103,"September 01, 22"
MSFT,2022-08-31,265.39,267.11,261.33,261.47,-3.92,-1.48,"August 31, 22"
MSFT,2022-08-30,266.67,267.05,260.66,262.97,-3.7,-1.39,"August 30, 22"
MSFT,2022-08-29,265.85,267.4,263.85,265.23,-0.62,-0.23321,"August 29, 22"
MSFT,2022-08-26,279.08,280.34,267.98,268.09,-10.99,-3.94,"August 26, 22"
MSFT,2022-08-25,277.33,279.02,274.52,278.85,1.52,0.54808,"August 25, 22"
MSFT,2022-08-24,275.41,277.23,275.11,275.79,0.38,0.13798,"August 24, 22"
MSFT,2022-08-23,276.44,278.86,275.4,276.44,0,0,"August 23, 22"
MSFT,2022-08-22,282.08,282.46,277.22,277.75,-4.33,-1.54,"August 22, 22"
MSFT,2022-08-19,288.9,289.25,285.56,286.15,-2.75,-0.95189,"August 19, 22"
MSFT,2022-08-18,290.19,291.91,289.08,290.17,-0.02,-0.00689204,"August 18, 22"
MSFT,2022-08-17,289.74,293.35,289.47,291.32,1.58,0.54532,"August 17, 22"
MSFT,2022-08-16,291.99,294.04,290.42,292.71,0.72,0.24658,"August 16, 22"
MSFT,2022-08-15,291,294.18,290.11,293.47,2.47,0.8488,"August 15, 22"
MSFT,2022-08-12,288.48,291.91,286.94,291.91,3.43,1.19,"August 12, 22"
MSFT,2022-08-11,290.85,291.21,286.51,287.02,-3.83,-1.32,"August 11, 22"
MSFT,2022-08-10,288.17,289.81,286.94,289.16,0.99,0.34355,"August 10, 22"
MSFT,2022-08-09,279.64,283.08,277.61,282.3,2.66,0.95122,"August 09, 22"
MSFT,2022-08-08,284.05,285.92,279.32,280.32,-3.73,-1.31,"August 08, 22"
MSFT,2022-08-05,279.15,283.65,278.68,282.91,3.76,1.35,"August 05, 22"
MSFT,2022-08-04,281.8,283.8,280.17,283.65,1.85,0.65649,"August 04, 22"
MSFT,2022-08-03,276.76,283.5,276.61,282.47,5.71,2.06,"August 03, 22"
MSFT,2022-08-02,276,277.89,272.38,274.82,-1.18,-0.42754,"August 02, 22"
MSFT,2022-08-01,277.82,281.28,275.84,278.01,0.19,0.0683896,"August 01, 22"
MSFT,2022-07-29,277.7,282,276.63,280.74,3.04,1.09,"July 29, 22"
MSFT,2022-07-28,269.75,277.84,267.87,276.41,6.66,2.47,"July 28, 22"
MSFT,2022-07-27,261.16,270.05,258.85,268.74,7.58,2.9,"July 27, 22"
MSFT,2022-07-26,259.86,259.88,249.57,251.9,-7.96,-3.06,"July 26, 22"
MSFT,2022-07-25,261,261.5,256.81,258.83,-2.17,-0.83142,"July 25, 22"
MSFT,2022-07-22,265.24,265.33,259.07,260.36,-4.88,-1.84,"July 22, 22"
MSFT,2022-07-21,259.79,264.89,257.03,264.84,5.05,1.94,"July 21, 22"
MSFT,2022-07-20,259.9,264.87,258.91,262.27,2.37,0.91189,"July 20, 22"
MSFT,2022-07-19,257.58,259.72,253.68,259.53,1.95,0.75705,"July 19, 22"
MSFT,2022-07-18,259.75,260.84,253.3,254.25,-5.5,-2.12,"July 18, 22"
MSFT,2022-07-15,255.72,260.37,254.77,256.72,1,0.39105,"July 15, 22"
MSFT,2022-07-14,250.57,255.14,245.94,254.08,3.51,1.4,"July 14, 22"
MSFT,2022-07-13,250.19,253.55,248.11,252.72,2.53,1.01,"July 13, 22"
MSFT,2022-07-12,265.88,265.94,252.04,253.67,-12.21,-4.59,"July 12, 22"
MSFT,2022-07-11,265.65,266.53,262.18,264.51,-1.14,-0.42914,"July 11, 22"
MSFT,2022-07-08,264.79,268.1,263.29,267.66,2.87,1.08,"July 08, 22"
MSFT,2022-07-07,265.12,269.06,265.02,268.4,3.28,1.24,"July 07, 22"
MSFT,2022-07-06,263.75,267.99,262.4,266.21,2.46,0.9327,"July 06, 22"
MSFT,2022-07-05,256.16,262.98,254.74,262.85,6.69,2.61,"July 05, 22"
MSFT,2022-07-01,256.39,259.77,254.61,259.58,3.19,1.24,"July 01, 22"
MSFT,2022-06-30,257.05,259.53,252.9,256.83,-0.22,-0.08558646,"June 30, 22"
MSFT,2022-06-29,257.59,261.97,255.76,260.26,2.67,1.04,"June 29, 22"
MSFT,2022-06-28,263.98,266.91,256.32,256.48,-7.5,-2.84,"June 28, 22"
MSFT,2022-06-27,268.21,268.3,263.28,264.89,-3.32,-1.24,"June 27, 22"
MSFT,2022-06-24,261.81,267.98,261.72,267.7,5.89,2.25,"June 24, 22"
MSFT,2022-06-23,255.57,259.37,253.63,258.86,3.29,1.29,"June 23, 22"
MSFT,2022-06-22,251.89,257.17,250.37,253.13,1.24,0.49228,"June 22, 22"
MSFT,2022-06-21,250.26,254.75,249.51,253.74,3.48,1.39,"June 21, 22"
MSFT,2022-06-17,244.7,250.5,244.03,247.65,2.95,1.21,"June 17, 22"
MSFT,2022-06-16,245.98,247.42,243.02,244.97,-1.01,-0.4106,"June 16, 22"
MSFT,2022-06-15,248.31,255.3,246.42,251.76,3.45,1.39,"June 15, 22"
MSFT,2022-06-14,243.86,245.74,241.51,244.49,0.63,0.25834,"June 14, 22"
MSFT,2022-06-13,245.11,249.02,241.53,242.26,-2.85,-1.16,"June 13, 22"
MSFT,2022-06-10,260.58,260.58,252.53,252.99,-7.59,-2.91,"June 10, 22"
MSFT,2022-06-09,267.78,272.71,264.63,264.79,-2.99,-1.12,"June 09, 22"
MSFT,2022-06-08,271.71,273,269.61,270.41,-1.3,-0.47845,"June 08, 22"
MSFT,2022-06-07,266.64,273.13,265.94,272.5,5.86,2.2,"June 07, 22"
MSFT,2022-06-06,272.06,274.18,267.22,268.75,-3.31,-1.22,"June 06, 22"
MSFT,2022-06-03,270.31,273.45,268.41,270.02,-0.29,-0.10728,"June 03, 22"
MSFT,2022-06-02,264.45,274.65,261.6,274.58,10.13,3.83,"June 02, 22"
MSFT,2022-06-01,275.2,277.69,270.04,272.42,-2.78,-1.01,"June 01, 22"
MSFT,2022-05-31,272.53,274.77,268.93,271.87,-0.66,-0.24218,"May 31, 22"
MSFT,2022-05-27,268.48,273.34,267.56,273.24,4.76,1.77,"May 27, 22"
MSFT,2022-05-26,262.27,267.11,261.43,265.9,3.63,1.38,"May 26, 22"
MSFT,2022-05-25,258.14,264.58,257.13,262.52,4.38,1.7,"May 25, 22"
MSFT,2022-05-24,257.89,261.33,253.5,259.62,1.73,0.67083,"May 24, 22"
MSFT,2022-05-23,255.49,261.5,253.43,260.65,5.16,2.02,"May 23, 22"
MSFT,2022-05-20,257.24,258.54,246.44,252.56,-4.68,-1.82,"May 20, 22"
MSFT,2022-05-19,253.9,257.67,251.88,253.14,-0.76,-0.29933,"May 19, 22"
MSFT,2022-05-18,263,263.6,252.77,254.08,-8.92,-3.39,"May 18, 22"
MSFT,2022-05-17,266.11,268.33,262.46,266.82,0.71,0.26681,"May 17, 22"
MSFT,2022-05-16,259.96,265.82,255.78,261.5,1.54,0.5924,"May 16, 22"
MSFT,2022-05-13,257.35,263.04,255.35,261.12,3.77,1.46,"May 13, 22"
MSFT,2022-05-12,257.69,259.88,250.02,255.35,-2.34,-0.90807,"May 12, 22"
MSFT,2022-05-11,265.68,271.36,259.3,260.55,-5.13,-1.93,"May 11, 22"
MSFT,2022-05-10,271.69,273.75,265.07,269.5,-2.19,-0.80607,"May 10, 22"
MSFT,2022-05-09,270.06,272.36,263.32,264.58,-5.48,-2.03,"May 09, 22"
MSFT,2022-05-06,274.81,279.25,271.27,274.73,-0.08,-0.02911102,"May 06, 22"
MSFT,2022-05-05,285.54,286.35,274.34,277.35,-8.19,-2.87,"May 05, 22"
MSFT,2022-05-04,282.59,290.88,276.73,289.98,7.39,2.62,"May 04, 22"
MSFT,2022-05-03,283.96,284.13,280.15,281.78,-2.18,-0.76771,"May 03, 22"
MSFT,2022-05-02,277.71,284.94,276.22,284.47,6.76,2.43,"May 02, 22"
MSFT,2022-04-29,288.61,289.88,276.5,277.52,-11.09,-3.84,"April 29, 22"
MSFT,2022-04-28,285.19,290.98,281.46,289.63,4.44,1.56,"April 28, 22"
MSFT,2022-04-27,282.1,290.97,279.16,283.22,1.12,0.39702,"April 27, 22"
MSFT,2022-04-26,277.5,278.36,270,270.22,-7.28,-2.62,"April 26, 22"
MSFT,2022-04-25,273.29,281.11,270.77,280.72,7.43,2.72,"April 25, 22"
MSFT,2022-04-22,281.68,283.2,273.38,274.03,-7.65,-2.72,"April 22, 22"
MSFT,2022-04-21,288.58,293.3,280.06,280.81,-7.77,-2.69,"April 21, 22"
MSFT,2022-04-20,289.4,289.7,285.37,286.36,-3.04,-1.05,"April 20, 22"
MSFT,2022-04-19,279.38,286.17,278.41,285.3,5.92,2.12,"April 19, 22"
MSFT,2022-04-18,278.91,282.46,278.34,280.52,1.61,0.57725,"April 18, 22"
MSFT,2022-04-14,288.09,288.31,279.32,279.83,-8.26,-2.87,"April 14, 22"
MSFT,2022-04-13,282.73,288.58,281.3,287.62,4.89,1.73,"April 13, 22"
MSFT,2022-04-12,289.24,290.74,280.49,282.06,-7.18,-2.48,"April 12, 22"
MSFT,2022-04-11,291.79,292.61,285,285.26,-6.53,-2.24,"April 11, 22"
MSFT,2022-04-08,300.44,301.12,296.28,296.97,-3.47,-1.15,"April 08, 22"
MSFT,2022-04-07,296.66,303.65,296.35,301.37,4.71,1.59,"April 07, 22"
MSFT,2022-04-06,305.19,307,296.71,299.5,-5.69,-1.86,"April 06, 22"
MSFT,2022-04-05,313.27,314.87,309.87,310.88,-2.39,-0.76292,"April 05, 22"
MSFT,2022-04-04,310.09,315.11,309.71,314.97,4.88,1.57,"April 04, 22"
MSFT,2022-04-01,309.37,310.13,305.54,309.42,0.05,0.01616188,"April 01, 22"
MSFT,2022-03-31,313.9,315.14,307.89,308.31,-5.59,-1.78,"March 31, 22"
MSFT,2022-03-30,313.76,315.95,311.58,313.86,0.1,0.03187149,"March 30, 22"
MSFT,2022-03-29,313.91,315.82,309.05,315.41,1.5,0.47784,"March 29, 22"
MSFT,2022-03-28,304.33,310.8,304.33,310.7,6.37,2.09,"March 28, 22"
MSFT,2022-03-25,305.23,305.5,299.29,303.68,-1.55,-0.50781,"March 25, 22"
MSFT,2022-03-24,299.14,304.2,298.32,304.1,4.96,1.66,"March 24, 22"
MSFT,2022-03-23,300.51,303.23,297.72,299.49,-1.02,-0.33942,"March 23, 22"
MSFT,2022-03-22,299.8,305,298.77,304.06,4.26,1.42,"March 22, 22"
MSFT,2022-03-21,298.89,300.14,294.9,299.16,0.27,0.09033424,"March 21, 22"
MSFT,2022-03-18,295.37,301,292.73,300.43,5.06,1.71,"March 18, 22"
MSFT,2022-03-17,293.29,295.61,289.37,295.22,1.93,0.65805,"March 17, 22"
MSFT,2022-03-16,289.11,294.57,283.2,294.39,5.28,1.83,"March 16, 22"
MSFT,2022-03-15,280.35,287.82,278.73,287.15,6.8,2.43,"March 15, 22"
MSFT,2022-03-14,280.34,285.4,275.82,276.44,-3.9,-1.39,"March 14, 22"
MSFT,2022-03-11,287.96,289.51,279.43,280.07,-7.89,-2.74,"March 11, 22"
MSFT,2022-03-10,283.02,286.6,280.58,285.59,2.57,0.90806,"March 10, 22"
MSFT,2022-03-09,283.44,289.6,280.78,288.5,5.06,1.79,"March 09, 22"
MSFT,2022-03-08,277.8,283.96,270,275.85,-1.95,-0.70194,"March 08, 22"
MSFT,2022-03-07,288.53,289.69,278.53,278.91,-9.62,-3.33,"March 07, 22"
MSFT,2022-03-04,294.29,295.66,287.17,289.86,-4.43,-1.51,"March 04, 22"
MSFT,2022-03-03,302.89,303.13,294.05,295.92,-6.97,-2.3,"March 03, 22"
MSFT,2022-03-02,295.36,301.47,293.7,300.19,4.83,1.64,"March 02, 22"
MSFT,2022-03-01,296.4,299.97,292.15,294.95,-1.45,-0.4892,"March 01, 22"
MSFT,2022-02-28,294.31,299.14,293,298.79,4.48,1.52,"February 28, 22"
MSFT,2022-02-25,295.14,297.63,291.65,297.31,2.17,0.73524,"February 25, 22"
MSFT,2022-02-24,272.51,295.16,271.52,294.59,22.08,8.1,"February 24, 22"
MSFT,2022-02-23,290.18,291.7,280.1,280.27,-9.91,-3.42,"February 23, 22"
MSFT,2022-02-22,285,291.54,284.5,287.72,2.72,0.95439,"February 22, 22"
MSFT,2022-02-18,293.05,293.86,286.31,287.93,-5.12,-1.75,"February 18, 22"
MSFT,2022-02-17,296.36,296.8,290,290.73,-5.63,-1.9,"February 17, 22"
MSFT,2022-02-16,298.37,300.87,293.68,299.5,1.13,0.37872,"February 16, 22"
MSFT,2022-02-15,300.01,300.8,297.02,300.47,0.46,0.15333,"February 15, 22"
MSFT,2022-02-14,293.77,296.76,291.35,295,1.23,0.41869,"February 14, 22"
MSFT,2022-02-11,303.19,304.29,294.22,295.04,-8.15,-2.69,"February 11, 22"
MSFT,2022-02-10,304.04,309.12,300.7,302.38,-1.66,-0.54598,"February 10, 22"
MSFT,2022-02-09,309.87,311.93,307.39,311.21,1.34,0.43244,"February 09, 22"
MSFT,2022-02-08,301.25,305.56,299.95,304.56,3.31,1.1,"February 08, 22"
MSFT,2022-02-07,306.17,307.84,299.9,300.95,-5.22,-1.7,"February 07, 22"
MSFT,2022-02-04,300.21,308.8,299.97,305.94,5.73,1.91,"February 04, 22"
MSFT,2022-02-03,309.49,311.23,299.96,301.25,-8.24,-2.66,"February 03, 22"
MSFT,2022-02-02,309.63,315.12,308.88,313.46,3.83,1.24,"February 02, 22"
MSFT,2022-02-01,310.41,310.63,305.13,308.76,-1.65,-0.53156,"February 01, 22"
MSFT,2022-01-31,308.95,312.38,306.37,310.98,2.03,0.65706,"January 31, 22"
MSFT,2022-01-28,300.23,308.48,294.45,308.26,8.03,2.67,"January 28, 22"
MSFT,2022-01-27,302.66,307.3,297.93,299.84,-2.82,-0.93174,"January 27, 22"
MSFT,2022-01-26,307.99,308.5,293.03,296.71,-11.28,-3.66,"January 26, 22"
MSFT,2022-01-25,291.52,294.99,285.17,288.49,-3.03,-1.04,"January 25, 22"
MSFT,2022-01-24,292.2,297.11,276.05,296.37,4.17,1.43,"January 24, 22"
MSFT,2022-01-21,302.69,304.11,295.61,296.03,-6.66,-2.2,"January 21, 22"
MSFT,2022-01-20,309.07,311.65,301.14,301.6,-7.47,-2.42,"January 20, 22"
MSFT,2022-01-19,306.29,313.91,302.7,303.33,-2.96,-0.9664,"January 19, 22"
MSFT,2022-01-18,304.07,309.8,301.74,302.65,-1.42,-0.467,"January 18, 22"
MSFT,2022-01-14,304.25,310.82,303.75,310.2,5.95,1.96,"January 14, 22"
MSFT,2022-01-13,320.47,320.88,304,304.8,-15.67,-4.89,"January 13, 22"
MSFT,2022-01-12,319.67,323.41,317.08,318.27,-1.4,-0.43795,"January 12, 22"
MSFT,2022-01-11,313.38,316.61,309.89,314.98,1.6,0.51056,"January 11, 22"
MSFT,2022-01-10,309.49,314.72,304.69,314.27,4.78,1.54,"January 10, 22"
MSFT,2022-01-07,314.15,316.5,310.09,314.04,-0.11,-0.03501512,"January 07, 22"
MSFT,2022-01-06,313.15,318.7,311.49,313.88,0.73,0.23312,"January 06, 22"
MSFT,2022-01-05,325.86,326.07,315.98,316.38,-9.48,-2.91,"January 05, 22"
MSFT,2022-01-04,334.83,335.2,326.12,329.01,-5.82,-1.74,"January 04, 22"
MSFT,2022-01-03,335.35,338,329.78,334.75,-0.6,-0.17892,"January 03, 22"
MSFT,2021-12-31,338.51,339.36,335.85,336.32,-2.19,-0.64695,"December 31, 21"
MSFT,2021-12-30,341.91,343.13,338.82,339.32,-2.59,-0.75751,"December 30, 21"
MSFT,2021-12-29,341.3,344.3,339.68,341.95,0.65,0.19045,"December 29, 21"
MSFT,2021-12-28,343.15,343.81,340.32,341.25,-1.9,-0.55369,"December 28, 21"
MSFT,2021-12-27,335.46,342.48,335.43,342.45,6.99,2.08,"December 27, 21"
MSFT,2021-12-23,332.75,336.39,332.73,334.69,1.94,0.58302,"December 23, 21"
MSFT,2021-12-22,328.3,333.61,325.75,333.2,4.9,1.49,"December 22, 21"
MSFT,2021-12-21,323.29,327.73,319.8,327.29,4,1.24,"December 21, 21"
MSFT,2021-12-20,320.05,322.8,317.57,319.91,-0.14,-0.04374317,"December 20, 21"
MSFT,2021-12-17,320.88,324.92,317.25,323.8,2.92,0.91,"December 17, 21"
MSFT,2021-12-16,335.71,336.76,323.02,324.9,-10.81,-3.22,"December 16, 21"
MSFT,2021-12-15,328.61,335.19,324.5,334.65,6.04,1.84,"December 15, 21"
MSFT,2021-12-14,333.22,334.64,324.11,328.34,-4.88,-1.46,"December 14, 21"
MSFT,2021-12-13,340.68,343.79,339.08,339.4,-1.28,-0.37572,"December 13, 21"
MSFT,2021-12-10,334.98,343,334.79,342.54,7.56,2.26,"December 10, 21"
MSFT,2021-12-09,334.41,336.49,332.12,333.1,-1.31,-0.39173,"December 09, 21"
MSFT,2021-12-08,335.31,335.5,330.8,334.97,-0.34,-0.1014,"December 08, 21"
MSFT,2021-12-07,331.64,335.8,330.1,334.92,3.28,0.98902,"December 07, 21"
MSFT,2021-12-06,323.95,327.45,319.23,326.19,2.24,0.69146,"December 06, 21"
MSFT,2021-12-03,331.99,332.7,318.03,323.01,-8.98,-2.7,"December 03, 21"
MSFT,2021-12-02,330.3,333.49,327.8,329.49,-0.81,-0.24523,"December 02, 21"
MSFT,2021-12-01,335.13,339.28,329.39,330.08,-5.05,-1.51,"December 01, 21"
MSFT,2021-11-30,335.32,337.78,328.99,330.59,-4.73,-1.41,"November 30, 21"
MSFT,2021-11-29,334.94,339.03,334.74,336.63,1.69,0.50457,"November 29, 21"
MSFT,2021-11-26,334.35,337.93,328.12,329.68,-4.67,-1.4,"November 26, 21"
MSFT,2021-11-24,336.28,338.16,333.91,337.91,1.63,0.48472,"November 24, 21"
MSFT,2021-11-23,337.05,339.45,333.56,337.68,0.63,0.18692,"November 23, 21"
MSFT,2021-11-22,344.62,349.67,339.55,339.83,-4.79,-1.39,"November 22, 21"
MSFT,2021-11-19,342.64,345.1,342.2,343.11,0.47,0.13717,"November 19, 21"
MSFT,2021-11-18,338.18,342.45,337.12,341.27,3.09,0.91371,"November 18, 21"
MSFT,2021-11-17,338.94,342.19,338,339.12,0.18,0.05310674,"November 17, 21"
MSFT,2021-11-16,335.68,340.67,335.51,339.51,3.83,1.14,"November 16, 21"
MSFT,2021-11-15,337.54,337.88,334.03,336.07,-1.47,-0.4355,"November 15, 21"
MSFT,2021-11-12,333.92,337.23,333.79,336.72,2.8,0.83852,"November 12, 21"
MSFT,2021-11-11,331.25,333.77,330.51,332.43,1.18,0.35623,"November 11, 21"
MSFT,2021-11-10,334.57,334.63,329.92,330.8,-3.77,-1.13,"November 10, 21"
MSFT,2021-11-09,337.11,338.72,334.53,335.95,-1.16,-0.3441,"November 09, 21"
MSFT,2021-11-08,337.3,337.65,334.44,336.99,-0.31,-0.09190631,"November 08, 21"
MSFT,2021-11-05,338.51,338.79,334.42,336.06,-2.45,-0.72376,"November 05, 21"
MSFT,2021-11-04,332.89,336.54,329.51,336.44,3.55,1.07,"November 04, 21"
MSFT,2021-11-03,333.9,334.9,330.65,334,0.1,0.02994909,"November 03, 21"
MSFT,2021-11-02,330.31,333.45,330,333.13,2.82,0.85374,"November 02, 21"
MSFT,2021-11-01,331.36,331.49,326.37,329.37,-1.99,-0.60056,"November 01, 21"
MSFT,2021-10-29,324.13,332,323.9,331.62,7.49,2.31,"October 29, 21"
MSFT,2021-10-28,324.33,324.87,321.36,324.35,0.02,0.00616656,"October 28, 21"
MSFT,2021-10-27,316,326.1,316,323.17,7.17,2.27,"October 27, 21"
MSFT,2021-10-26,311,312.4,308.6,310.11,-0.89,-0.28617,"October 26, 21"
MSFT,2021-10-25,309.36,309.4,306.46,308.13,-1.23,-0.3976,"October 25, 21"
MSFT,2021-10-22,310.4,311.09,307.8,309.16,-1.24,-0.39948,"October 22, 21"
MSFT,2021-10-21,307.17,311.02,306.36,310.76,3.59,1.17,"October 21, 21"
MSFT,2021-10-20,309.21,309.7,306.11,307.41,-1.8,-0.58213,"October 20, 21"
MSFT,2021-10-19,308.35,309.3,307.22,308.23,-0.12,-0.03891682,"October 19, 21"
MSFT,2021-10-18,303.57,308.21,302.69,307.29,3.72,1.23,"October 18, 21"
MSFT,2021-10-15,302.34,304.45,300.52,304.21,1.87,0.61851,"October 15, 21"
MSFT,2021-10-14,299.21,303.27,297.83,302.75,3.54,1.18,"October 14, 21"
MSFT,2021-10-13,294.91,297.28,293.49,296.31,1.4,0.47472,"October 13, 21"
MSFT,2021-10-12,295.34,295.44,292.35,292.88,-2.46,-0.83294,"October 12, 21"
MSFT,2021-10-11,292.92,297.97,292.75,294.23,1.31,0.44722,"October 11, 21"
MSFT,2021-10-08,296.22,296.64,293.76,294.85,-1.37,-0.46249,"October 08, 21"
MSFT,2021-10-07,295.18,296.64,293.92,294.85,-0.33,-0.1118,"October 07, 21"
MSFT,2021-10-06,285.78,293.63,285.51,293.11,7.33,2.56,"October 06, 21"
MSFT,2021-10-05,284.05,290.4,284.05,288.76,4.71,1.66,"October 05, 21"
MSFT,2021-10-04,287.4,287.75,280.25,283.11,-4.29,-1.49,"October 04, 21"
MSFT,2021-10-01,282.12,289.98,281.29,289.1,6.98,2.47,"October 01, 21"
MSFT,2021-09-30,285.71,287.83,281.62,281.92,-3.79,-1.33,"September 30, 21"
MSFT,2021-09-29,285.1,286.77,283.01,284,-1.1,-0.38583,"September 29, 21"
MSFT,2021-09-28,289.8,290.78,282.75,283.52,-6.28,-2.17,"September 28, 21"
MSFT,2021-09-27,296.14,296.47,292.94,294.17,-1.97,-0.66523,"September 27, 21"
MSFT,2021-09-24,298.23,299.8,296.93,299.35,1.12,0.37555,"September 24, 21"
MSFT,2021-09-23,298.85,300.9,297.53,299.56,0.71,0.23758,"September 23, 21"
MSFT,2021-09-22,296.73,300.22,294.51,298.58,1.85,0.62346,"September 22, 21"
MSFT,2021-09-21,295.69,297.54,294.07,294.8,-0.89,-0.30099,"September 21, 21"
MSFT,2021-09-20,296.33,298.72,289.52,294.3,-2.03,-0.68505,"September 20, 21"
MSFT,2021-09-17,304.17,304.5,299.53,299.87,-4.3,-1.41,"September 17, 21"
MSFT,2021-09-16,303.76,305.31,300.76,305.22,1.46,0.48064,"September 16, 21"
MSFT,2021-09-15,303.26,305.32,301.82,304.82,1.56,0.51441,"September 15, 21"
MSFT,2021-09-14,299.56,301.39,298.1,299.79,0.23,0.07677928,"September 14, 21"
MSFT,2021-09-13,297.55,298.54,294.08,296.99,-0.56,-0.1882,"September 13, 21"
MSFT,2021-09-10,298.42,299.92,295.38,295.71,-2.71,-0.90812,"September 10, 21"
MSFT,2021-09-09,300.82,302.14,297,297.25,-3.57,-1.19,"September 09, 21"
MSFT,2021-09-08,299.78,300.61,297.47,300.21,0.43,0.14344,"September 08, 21"
MSFT,2021-09-07,301.01,301.09,298.2,300.18,-0.83,-0.27574,"September 07, 21"
MSFT,2021-09-03,300.99,302.6,300.26,301.14,0.15,0.04983554,"September 03, 21"
MSFT,2021-09-02,302.2,303.36,300.18,301.15,-1.05,-0.34745,"September 02, 21"
MSFT,2021-09-01,302.87,305.19,301.49,301.83,-1.04,-0.34338,"September 01, 21"
MSFT,2021-08-31,304.42,304.5,301.5,301.88,-2.54,-0.83437,"August 31, 21"
MSFT,2021-08-30,301.12,304.22,301.06,303.59,2.47,0.82027,"August 30, 21"
MSFT,2021-08-27,298.99,300.87,296.83,299.72,0.73,0.24416,"August 27, 21"
MSFT,2021-08-26,300.99,302.43,298.95,299.09,-1.9,-0.63125,"August 26, 21"
MSFT,2021-08-25,304.3,304.59,300.42,302.01,-2.29,-0.75255,"August 25, 21"
MSFT,2021-08-24,305.02,305.65,302,302.62,-2.4,-0.78683,"August 24, 21"
MSFT,2021-08-23,303.25,305.4,301.85,304.65,1.4,0.46167,"August 23, 21"
MSFT,2021-08-20,299.72,305.84,298.06,304.36,4.64,1.55,"August 20, 21"
MSFT,2021-08-19,288.69,297.47,288.64,296.77,8.08,2.8,"August 19, 21"
MSFT,2021-08-18,292.04,294.82,290.27,290.73,-1.31,-0.44857,"August 18, 21"
MSFT,2021-08-17,292.39,293.43,291.08,293.08,0.69,0.23599,"August 17, 21"
MSFT,2021-08-16,293.19,294.82,290.02,294.6,1.41,0.48092,"August 16, 21"
MSFT,2021-08-13,289.48,292.9,289.3,292.85,3.37,1.16,"August 13, 21"
MSFT,2021-08-12,286.63,289.97,286.34,289.81,3.18,1.11,"August 12, 21"
MSFT,2021-08-11,287.21,288.66,285.86,286.95,-0.26,-0.0905261,"August 11, 21"
MSFT,2021-08-10,288.8,289.25,285.2,286.44,-2.36,-0.81717,"August 10, 21"
MSFT,2021-08-09,289.75,291.55,287.81,288.33,-1.42,-0.49008,"August 09, 21"
MSFT,2021-08-06,288.51,289.5,287.62,289.46,0.95,0.32928,"August 06, 21"
MSFT,2021-08-05,286.88,289.63,286.1,289.52,2.64,0.92025,"August 05, 21"
MSFT,2021-08-04,286.22,287.59,284.65,286.51,0.29,0.10132,"August 04, 21"
MSFT,2021-08-03,285.42,287.23,284,287.12,1.7,0.59561,"August 03, 21"
MSFT,2021-08-02,286.36,286.77,283.74,284.82,-1.54,-0.53778,"August 02, 21"
MSFT,2021-07-30,285.17,286.66,283.91,284.91,-0.26,-0.09117369,"July 30, 21"
MSFT,2021-07-29,286.24,288.62,286.08,286.5,0.26,0.09083287,"July 29, 21"
MSFT,2021-07-28,288.99,290.15,283.83,286.22,-2.77,-0.95851,"July 28, 21"
MSFT,2021-07-27,289.43,289.58,282.95,286.54,-2.89,-0.99851,"July 27, 21"
MSFT,2021-07-26,289,289.69,286.64,289.05,0.05,0.01730104,"July 26, 21"
MSFT,2021-07-23,287.37,289.99,286.5,289.67,2.3,0.80036,"July 23, 21"
MSFT,2021-07-22,283.84,286.42,283.42,286.14,2.3,0.81032,"July 22, 21"
MSFT,2021-07-21,278.9,281.52,277.29,281.4,2.5,0.89638,"July 21, 21"
MSFT,2021-07-20,278.03,280.97,276.26,279.32,1.29,0.46398,"July 20, 21"
MSFT,2021-07-19,278.93,280.37,274.45,277.01,-1.92,-0.68834,"July 19, 21"
MSFT,2021-07-16,282.07,284.1,279.46,280.75,-1.32,-0.46797,"July 16, 21"
MSFT,2021-07-15,282,282.51,279.83,281.03,-0.97,-0.34397,"July 15, 21"
MSFT,2021-07-14,282.35,283.66,280.55,282.51,0.16,0.05666726,"July 14, 21"
MSFT,2021-07-13,277.52,282.85,277.39,280.98,3.46,1.25,"July 13, 21"
MSFT,2021-07-12,279.16,279.77,276.58,277.32,-1.84,-0.65912,"July 12, 21"
MSFT,2021-07-09,275.72,278.05,275.32,277.94,2.22,0.80516,"July 09, 21"
MSFT,2021-07-08,276.9,278.73,274.87,277.42,0.52,0.18779,"July 08, 21"
MSFT,2021-07-07,279.4,280.69,277.15,279.93,0.53,0.18969,"July 07, 21"
MSFT,2021-07-06,278.03,279.37,274.3,277.66,-0.37,-0.13308,"July 06, 21"
MSFT,2021-07-02,272.82,278,272.5,277.65,4.83,1.77,"July 02, 21"
MSFT,2021-07-01,269.61,271.84,269.6,271.6,1.99,0.7381,"July 01, 21"
MSFT,2021-06-30,270.69,271.36,269.6,270.9,0.21,0.07757952,"June 30, 21"
MSFT,2021-06-29,268.87,271.65,267.98,271.4,2.53,0.94098,"June 29, 21"
MSFT,2021-06-28,266.19,268.9,265.91,268.72,2.53,0.95045,"June 28, 21"
MSFT,2021-06-25,266.23,267.25,264.76,265.02,-1.21,-0.45449,"June 25, 21"
MSFT,2021-06-24,266.16,267.85,265.47,266.69,0.53,0.19913,"June 24, 21"
MSFT,2021-06-23,265.99,266.83,264.43,265.27,-0.72,-0.27069,"June 23, 21"
MSFT,2021-06-22,262.72,265.79,262.4,265.51,2.79,1.06,"June 22, 21"
MSFT,2021-06-21,259.82,263.52,257.92,262.63,2.81,1.08,"June 21, 21"
MSFT,2021-06-18,259.63,262.3,258.75,259.43,-0.2,-0.0770327,"June 18, 21"
MSFT,2021-06-17,256.07,261.75,256.01,260.9,4.83,1.89,"June 17, 21"
MSFT,2021-06-16,259.4,260.58,254.42,257.38,-2.02,-0.77872,"June 16, 21"
MSFT,2021-06-15,259.77,259.99,257.68,258.36,-1.41,-0.54279,"June 15, 21"
MSFT,2021-06-14,257.9,259.95,256.8,259.89,1.99,0.77162,"June 14, 21"
MSFT,2021-06-11,257.99,258.49,256.61,257.89,-0.1,-0.03876119,"June 11, 21"
MSFT,2021-06-10,254.29,257.46,253.67,257.24,2.95,1.16,"June 10, 21"
MSFT,2021-06-09,253.81,255.53,253.21,253.59,-0.22,-0.08667901,"June 09, 21"
MSFT,2021-06-08,255.16,256.01,252.51,252.57,-2.59,-1.02,"June 08, 21"
MSFT,2021-06-07,249.98,254.09,249.81,253.81,3.83,1.53,"June 07, 21"
MSFT,2021-06-04,247.76,251.65,247.51,250.79,3.03,1.22,"June 04, 21"
MSFT,2021-06-03,245.22,246.34,243,245.71,0.49,0.19982,"June 03, 21"
MSFT,2021-06-02,248.13,249.27,245.84,247.3,-0.83,-0.3345,"June 02, 21"
MSFT,2021-06-01,251.23,251.29,246.96,247.4,-3.83,-1.52,"June 01, 21"
MSFT,2021-05-28,251,252.08,249.56,249.68,-1.32,-0.5259,"May 28, 21"
MSFT,2021-05-27,251.17,251.48,249.25,249.31,-1.86,-0.74053,"May 27, 21"
MSFT,2021-05-26,251.43,252.94,250.75,251.49,0.06,0.0238635,"May 26, 21"
MSFT,2021-05-25,251.77,252.75,250.82,251.72,-0.05,-0.0198594,"May 25, 21"
MSFT,2021-05-24,247.79,251.16,247.51,250.78,2.99,1.21,"May 24, 21"
MSFT,2021-05-21,247.57,248.33,244.74,245.17,-2.4,-0.96942,"May 21, 21"
MSFT,2021-05-20,243.96,247.95,243.86,246.48,2.52,1.03,"May 20, 21"
MSFT,2021-05-19,239.31,243.23,238.6,243.12,3.81,1.59,"May 19, 21"
MSFT,2021-05-18,246.27,246.41,242.9,243.08,-3.19,-1.3,"May 18, 21"
MSFT,2021-05-17,246.55,246.59,243.52,245.18,-1.37,-0.55567,"May 17, 21"
MSFT,2021-05-14,245.58,249.18,245.49,248.15,2.57,1.05,"May 14, 21"
MSFT,2021-05-13,241.8,245.6,241.42,243.03,1.23,0.50868,"May 13, 21"
MSFT,2021-05-12,242.17,244.38,238.07,239,-3.17,-1.31,"May 12, 21"
MSFT,2021-05-11,244.55,246.6,242.57,246.23,1.68,0.68698,"May 11, 21"
MSFT,2021-05-10,250.87,251.73,247.12,247.18,-3.69,-1.47,"May 10, 21"
MSFT,2021-05-07,252.15,254.3,251.17,252.46,0.31,0.12294,"May 07, 21"
MSFT,2021-05-06,246.45,249.86,244.69,249.73,3.28,1.33,"May 06, 21"
MSFT,2021-05-05,249.06,249.5,245.82,246.47,-2.59,-1.04,"May 05, 21"
MSFT,2021-05-04,250.97,251.21,245.76,247.79,-3.18,-1.27,"May 04, 21"
MSFT,2021-05-03,253.4,254.35,251.12,251.86,-1.54,-0.60773,"May 03, 21"
MSFT,2021-04-30,249.74,253.08,249.6,252.18,2.44,0.97702,"April 30, 21"
MSFT,2021-04-29,255.46,256.1,249,252.51,-2.95,-1.15,"April 29, 21"
MSFT,2021-04-28,256.08,256.54,252.95,254.56,-1.52,-0.59356,"April 28, 21"
MSFT,2021-04-27,261.58,263.19,260.12,261.97,0.39,0.14909,"April 27, 21"
MSFT,2021-04-26,261.66,262.44,260.17,261.55,-0.11,-0.04203929,"April 26, 21"
MSFT,2021-04-23,257.88,261.51,257.27,261.15,3.27,1.27,"April 23, 21"
MSFT,2021-04-22,260.21,261.78,255.64,257.17,-3.04,-1.17,"April 22, 21"
MSFT,2021-04-21,258.94,260.68,257.25,260.58,1.64,0.63335,"April 21, 21"
MSFT,2021-04-20,257.82,260.2,256.84,258.26,0.44,0.17066,"April 20, 21"
MSFT,2021-04-19,260.19,261.48,257.82,258.74,-1.45,-0.55729,"April 19, 21"
MSFT,2021-04-16,259.47,261,257.6,260.74,1.27,0.48946,"April 16, 21"
MSFT,2021-04-15,257.93,259.93,257.73,259.5,1.57,0.60869,"April 15, 21"
MSFT,2021-04-14,257.48,258.83,255.16,255.59,-1.89,-0.73404,"April 14, 21"
MSFT,2021-04-13,257.26,259.19,256.83,258.49,1.23,0.47812,"April 13, 21"
MSFT,2021-04-12,254.71,257.67,254.62,255.91,1.2,0.47112,"April 12, 21"
MSFT,2021-04-09,252.87,255.99,252.44,255.85,2.98,1.18,"April 09, 21"
MSFT,2021-04-08,252.77,254.14,252,253.25,0.48,0.1899,"April 08, 21"
MSFT,2021-04-07,247.81,250.93,247.19,249.9,2.09,0.84339,"April 07, 21"
MSFT,2021-04-06,247.61,249.4,246.88,247.86,0.25,0.10097,"April 06, 21"
MSFT,2021-04-05,242.76,249.96,242.7,249.07,6.31,2.6,"April 05, 21"
MSFT,2021-04-01,238.47,242.84,238.05,242.35,3.88,1.63,"April 01, 21"
MSFT,2021-03-31,232.91,239.1,232.39,235.77,2.86,1.23,"March 31, 21"
MSFT,2021-03-30,233.53,233.85,231.1,231.85,-1.68,-0.71939,"March 30, 21"
MSFT,2021-03-29,236.59,236.8,231.88,235.24,-1.35,-0.57061,"March 29, 21"
MSFT,2021-03-26,231.55,236.71,231.55,236.48,4.93,2.13,"March 26, 21"
MSFT,2021-03-25,235.3,236.94,231.57,232.34,-2.96,-1.26,"March 25, 21"
MSFT,2021-03-24,237.85,238,235.32,235.46,-2.39,-1,"March 24, 21"
MSFT,2021-03-23,237.49,241.05,237.07,237.58,0.09,0.03789633,"March 23, 21"
MSFT,2021-03-22,230.27,236.9,230.14,235.99,5.72,2.48,"March 22, 21"
MSFT,2021-03-19,231.02,232.47,229.35,230.35,-0.67,-0.29002,"March 19, 21"
MSFT,2021-03-18,232.56,234.19,230.33,230.72,-1.84,-0.79119,"March 18, 21"
MSFT,2021-03-17,236.15,238.55,233.23,237.04,0.89,0.37688,"March 17, 21"
MSFT,2021-03-16,236.28,240.06,235.94,237.71,1.43,0.60521,"March 16, 21"
MSFT,2021-03-15,234.96,235.19,231.81,234.81,-0.15,-0.06384065,"March 15, 21"
MSFT,2021-03-12,234.01,235.82,233.23,235.75,1.74,0.74356,"March 12, 21"
MSFT,2021-03-11,234.96,239.17,234.31,237.13,2.17,0.92356,"March 11, 21"
MSFT,2021-03-10,237,237,232.04,232.42,-4.58,-1.93,"March 10, 21"
MSFT,2021-03-09,232.88,235.38,231.67,233.78,0.9,0.38647,"March 09, 21"
MSFT,2021-03-08,231.37,233.37,227.13,227.39,-3.98,-1.72,"March 08, 21"
MSFT,2021-03-05,229.52,233.27,226.46,231.6,2.08,0.90624,"March 05, 21"
MSFT,2021-03-04,226.74,232.49,224.26,226.73,-0.01,-0.00441034,"March 04, 21"
MSFT,2021-03-03,232.16,233.58,227.26,227.56,-4.6,-1.98,"March 03, 21"
MSFT,2021-03-02,237.01,237.3,233.45,233.87,-3.14,-1.32,"March 02, 21"
MSFT,2021-03-01,235.9,237.47,233.15,236.94,1.04,0.44086,"March 01, 21"
MSFT,2021-02-26,231.53,235.37,229.54,232.38,0.85,0.36712,"February 26, 21"
MSFT,2021-02-25,232.08,234.59,227.88,228.99,-3.09,-1.33,"February 25, 21"
MSFT,2021-02-24,230.01,235.2,229,234.55,4.54,1.97,"February 24, 21"
MSFT,2021-02-23,230.33,234.83,228.73,233.27,2.94,1.28,"February 23, 21"
MSFT,2021-02-22,237.42,237.93,232.4,234.51,-2.91,-1.23,"February 22, 21"
MSFT,2021-02-19,243.75,243.86,240.18,240.97,-2.78,-1.14,"February 19, 21"
MSFT,2021-02-18,241.8,243.93,240.86,243.79,1.99,0.82299,"February 18, 21"
MSFT,2021-02-17,241.32,244.31,240.94,244.2,2.88,1.19,"February 17, 21"
MSFT,2021-02-16,245.03,246.13,242.92,243.7,-1.33,-0.54279,"February 16, 21"
MSFT,2021-02-12,243.93,245.3,242.73,244.99,1.06,0.43455,"February 12, 21"
MSFT,2021-02-11,244.78,245.15,242.15,244.49,-0.29,-0.11847,"February 11, 21"
MSFT,2021-02-10,245,245.92,240.89,242.82,-2.18,-0.8898,"February 10, 21"
MSFT,2021-02-09,241.87,244.76,241.38,243.77,1.9,0.78555,"February 09, 21"
MSFT,2021-02-08,243.15,243.68,240.81,242.47,-0.68,-0.27966,"February 08, 21"
MSFT,2021-02-05,242.23,243.28,240.42,242.2,-0.03,-0.01238492,"February 05, 21"
MSFT,2021-02-04,242.66,243.24,240.37,242.01,-0.65,-0.26786,"February 04, 21"
MSFT,2021-02-03,239.57,245.09,239.26,243,3.43,1.43,"February 03, 21"
MSFT,2021-02-02,241.3,242.31,238.69,239.51,-1.79,-0.74182,"February 02, 21"
MSFT,2021-02-01,235.06,242.5,232.43,239.65,4.59,1.95,"February 01, 21"
MSFT,2021-01-29,235.99,238.02,231.35,231.96,-4.03,-1.71,"January 29, 21"
MSFT,2021-01-28,235.61,242.64,235.09,238.93,3.32,1.41,"January 28, 21"
MSFT,2021-01-27,238,240.44,230.14,232.9,-5.1,-2.14,"January 27, 21"
MSFT,2021-01-26,231.86,234.18,230.08,232.33,0.47,0.20271,"January 26, 21"
MSFT,2021-01-25,229.12,229.78,224.22,229.53,0.41,0.17895,"January 25, 21"
MSFT,2021-01-22,227.08,230.07,225.8,225.95,-1.13,-0.49762,"January 22, 21"
MSFT,2021-01-21,224.7,226.3,222.42,224.97,0.27,0.12016,"January 21, 21"
MSFT,2021-01-20,217.7,225.79,217.29,224.34,6.64,3.05,"January 20, 21"
MSFT,2021-01-19,213.75,216.98,212.63,216.44,2.69,1.26,"January 19, 21"
MSFT,2021-01-15,213.52,214.51,212.03,212.65,-0.87,-0.40746,"January 15, 21"
MSFT,2021-01-14,215.91,217.46,212.74,213.02,-2.89,-1.34,"January 14, 21"
MSFT,2021-01-13,214.02,216.76,213.93,216.34,2.32,1.08,"January 13, 21"
MSFT,2021-01-12,216.5,217.1,213.32,214.93,-1.57,-0.72517,"January 12, 21"
MSFT,2021-01-11,218.47,218.91,216.73,217.49,-0.98,-0.44857,"January 11, 21"
MSFT,2021-01-08,218.68,220.58,217.03,219.62,0.94,0.42985,"January 08, 21"
MSFT,2021-01-07,214.04,219.34,213.71,218.29,4.25,1.99,"January 07, 21"
MSFT,2021-01-06,212.17,216.49,211.94,212.25,0.08,0.03770561,"January 06, 21"
MSFT,2021-01-05,217.26,218.52,215.7,217.9,0.64,0.29458,"January 05, 21"
MSFT,2021-01-04,222.53,223,214.81,217.69,-4.84,-2.17,"January 04, 21"
MSFT,2020-12-31,221.7,223,219.68,222.42,0.72,0.32476,"December 31, 20"
MSFT,2020-12-30,225.23,225.63,221.47,221.68,-3.55,-1.58,"December 30, 20"
MSFT,2020-12-29,226.31,227.18,223.58,224.15,-2.16,-0.95444,"December 29, 20"
MSFT,2020-12-28,224.45,226.03,223.02,224.96,0.51,0.22722,"December 28, 20"
MSFT,2020-12-24,221.42,223.61,221.2,222.75,1.33,0.60067,"December 24, 20"
MSFT,2020-12-23,223.11,223.56,220.8,221.02,-2.09,-0.93676,"December 23, 20"
MSFT,2020-12-22,222.69,225.63,221.85,223.94,1.25,0.56132,"December 22, 20"
MSFT,2020-12-21,217.55,224,217.28,222.59,5.04,2.32,"December 21, 20"
MSFT,2020-12-18,218.59,219.69,216.02,218.59,0,0,"December 18, 20"
MSFT,2020-12-17,219.87,220.89,217.92,219.42,-0.45,-0.20467,"December 17, 20"
MSFT,2020-12-16,214.75,220.11,214.72,219.28,4.53,2.11,"December 16, 20"
MSFT,2020-12-15,215.17,215.42,212.24,214.13,-1.04,-0.48334,"December 15, 20"
MSFT,2020-12-14,213.1,216.21,212.88,214.2,1.1,0.51619,"December 14, 20"
MSFT,2020-12-11,210.05,213.32,209.11,213.26,3.21,1.53,"December 11, 20"
MSFT,2020-12-10,211.77,213.08,210.36,210.52,-1.25,-0.59026,"December 10, 20"
MSFT,2020-12-09,215.16,215.23,211.21,211.8,-3.36,-1.56,"December 09, 20"
MSFT,2020-12-08,213.97,216.95,212.89,216.01,2.04,0.9534,"December 08, 20"
MSFT,2020-12-07,214.37,215.54,212.99,214.29,-0.08,-0.03731865,"December 07, 20"
MSFT,2020-12-04,214.22,215.38,213.18,214.36,0.14,0.06535338,"December 04, 20"
MSFT,2020-12-03,214.61,216.38,213.65,214.24,-0.37,-0.17241,"December 03, 20"
MSFT,2020-12-02,214.88,215.47,212.8,215.37,0.49,0.22803,"December 02, 20"
MSFT,2020-12-01,214.51,217.32,213.35,216.21,1.7,0.7925,"December 01, 20"
MSFT,2020-11-30,214.1,214.76,210.84,214.07,-0.03,-0.01401214,"November 30, 20"
MSFT,2020-11-27,214.85,216.27,214.04,215.23,0.38,0.17687,"November 27, 20"
MSFT,2020-11-25,215.11,215.29,212.46,213.87,-1.24,-0.57645,"November 25, 20"
MSFT,2020-11-24,209.59,214.25,208.86,213.86,4.27,2.04,"November 24, 20"
MSFT,2020-11-23,210.95,212.29,208.16,210.11,-0.84,-0.3982,"November 23, 20"
MSFT,2020-11-20,212.2,213.29,210,210.39,-1.81,-0.85297,"November 20, 20"
MSFT,2020-11-19,211.38,213.03,209.93,212.42,1.04,0.492,"November 19, 20"
MSFT,2020-11-18,213.65,215.17,210.93,211.08,-2.57,-1.2,"November 18, 20"
MSFT,2020-11-17,216.1,217.68,214.08,214.46,-1.64,-0.75891,"November 17, 20"
MSFT,2020-11-16,214.87,217.74,214.52,217.23,2.36,1.1,"November 16, 20"
MSFT,2020-11-13,216.36,217.42,214.16,216.51,0.15,0.0693289,"November 13, 20"
MSFT,2020-11-12,217.21,219.11,214.46,215.44,-1.77,-0.81488,"November 12, 20"
MSFT,2020-11-11,212.39,218.04,212.2,216.55,4.16,1.96,"November 11, 20"
MSFT,2020-11-10,214.5,216.5,209.72,211.01,-3.49,-1.63,"November 10, 20"
MSFT,2020-11-09,224.44,228.12,217.88,218.39,-6.05,-2.7,"November 09, 20"
MSFT,2020-11-06,222.26,224.36,218.03,223.72,1.46,0.65689,"November 06, 20"
MSFT,2020-11-05,222.04,224.12,221.15,223.29,1.25,0.56296,"November 05, 20"
MSFT,2020-11-04,214.02,218.32,212.42,216.39,2.37,1.11,"November 04, 20"
MSFT,2020-11-03,203.89,208.12,203.12,206.43,2.54,1.25,"November 03, 20"
MSFT,2020-11-02,204.29,205.28,200.12,202.33,-1.96,-0.95942,"November 02, 20"
MSFT,2020-10-30,203.5,204.29,199.62,202.47,-1.03,-0.50614,"October 30, 20"
MSFT,2020-10-29,204.07,207.36,203.37,204.72,0.65,0.31852,"October 29, 20"
MSFT,2020-10-28,207.67,208.84,202.1,202.68,-4.99,-2.4,"October 28, 20"
MSFT,2020-10-27,211.59,214.67,210.33,213.25,1.66,0.78454,"October 27, 20"
MSFT,2020-10-26,213.85,216.34,208.1,210.08,-3.77,-1.76,"October 26, 20"
MSFT,2020-10-23,215.03,216.28,213.16,216.23,1.2,0.55806,"October 23, 20"
MSFT,2020-10-22,213.93,216.06,211.7,214.89,0.96,0.44874,"October 22, 20"
MSFT,2020-10-21,213.12,216.92,213.12,214.8,1.68,0.78829,"October 21, 20"
MSFT,2020-10-20,215.8,217.37,213.09,214.65,-1.15,-0.5329,"October 20, 20"
MSFT,2020-10-19,220.42,222.3,213.72,214.22,-6.2,-2.81,"October 19, 20"
MSFT,2020-10-16,220.15,222.29,219.32,219.66,-0.49,-0.22258,"October 16, 20"
MSFT,2020-10-15,217.1,220.36,216.01,219.66,2.56,1.18,"October 15, 20"
MSFT,2020-10-14,223,224.22,219.13,220.86,-2.14,-0.95964,"October 14, 20"
MSFT,2020-10-13,222.72,225.21,220.43,222.86,0.14,0.0628592,"October 13, 20"
MSFT,2020-10-12,218.79,223.86,216.81,221.4,2.61,1.19,"October 12, 20"
MSFT,2020-10-09,211.23,215.86,211.23,215.81,4.58,2.17,"October 09, 20"
MSFT,2020-10-08,210.51,211.19,208.32,210.58,0.07,0.03325258,"October 08, 20"
MSFT,2020-10-07,207.06,210.11,206.72,209.83,2.77,1.34,"October 07, 20"
MSFT,2020-10-06,208.82,210.18,204.82,205.91,-2.91,-1.39,"October 06, 20"
MSFT,2020-10-05,207.22,210.41,206.98,210.38,3.16,1.52,"October 05, 20"
MSFT,2020-10-02,208,210.99,205.54,206.19,-1.81,-0.87019,"October 02, 20"
MSFT,2020-10-01,213.49,213.99,211.32,212.46,-1.03,-0.48246,"October 01, 20"
MSFT,2020-09-30,207.73,211.98,206.54,210.33,2.6,1.25,"September 30, 20"
MSFT,2020-09-29,209.35,210.07,206.81,207.26,-2.09,-0.99833,"September 29, 20"
MSFT,2020-09-28,210.88,212.57,208.06,209.44,-1.44,-0.68285,"September 28, 20"
MSFT,2020-09-25,203.55,209.04,202.54,207.82,4.27,2.1,"September 25, 20"
MSFT,2020-09-24,199.85,205.57,199.2,203.19,3.34,1.67,"September 24, 20"
MSFT,2020-09-23,207.9,208.1,200.03,200.59,-7.31,-3.52,"September 23, 20"
MSFT,2020-09-22,205.06,208.1,202.08,207.42,2.36,1.15,"September 22, 20"
MSFT,2020-09-21,197.19,202.71,196.38,202.54,5.35,2.71,"September 21, 20"
MSFT,2020-09-18,202.8,203.65,196.25,200.39,-2.41,-1.19,"September 18, 20"
MSFT,2020-09-17,200.05,204.33,199.96,202.91,2.86,1.43,"September 17, 20"
MSFT,2020-09-16,210.62,210.65,204.64,205.05,-5.57,-2.64,"September 16, 20"
MSFT,2020-09-15,208.42,209.78,206.93,208.78,0.36,0.17273,"September 15, 20"
MSFT,2020-09-14,204.24,209.2,204.03,205.41,1.17,0.57286,"September 14, 20"
MSFT,2020-09-11,207.2,208.63,201.24,204.03,-3.17,-1.53,"September 11, 20"
MSFT,2020-09-10,213.4,214.74,204.11,205.37,-8.03,-3.76,"September 10, 20"
MSFT,2020-09-09,207.6,214.84,206.7,211.29,3.69,1.78,"September 09, 20"
MSFT,2020-09-08,206.5,210.03,202.2,202.66,-3.84,-1.86,"September 08, 20"
MSFT,2020-09-04,215.1,218.36,205.19,214.25,-0.85,-0.39517,"September 04, 20"
MSFT,2020-09-03,229.27,229.31,214.96,217.3,-11.97,-5.22,"September 03, 20"
MSFT,2020-09-02,227.97,232.86,227.35,231.65,3.68,1.61,"September 02, 20"
MSFT,2020-09-01,225.51,227.45,224.43,227.27,1.76,0.78045,"September 01, 20"
MSFT,2020-08-31,227,228.7,224.31,225.53,-1.47,-0.64758,"August 31, 20"
MSFT,2020-08-28,228.18,230.64,226.58,228.91,0.73,0.31992,"August 28, 20"
MSFT,2020-08-27,222.89,231.15,219.4,226.58,3.69,1.66,"August 27, 20"
MSFT,2020-08-26,217.88,222.09,217.36,221.15,3.27,1.5,"August 26, 20"
MSFT,2020-08-25,213.1,216.61,213.1,216.47,3.37,1.58,"August 25, 20"
MSFT,2020-08-24,214.79,215.52,212.43,213.69,-1.1,-0.51213,"August 24, 20"
MSFT,2020-08-21,213.86,216.25,212.85,213.02,-0.84,-0.39278,"August 21, 20"
MSFT,2020-08-20,209.54,215,208.91,214.58,5.04,2.41,"August 20, 20"
MSFT,2020-08-19,211.49,212.1,209.25,209.7,-1.79,-0.84638,"August 19, 20"
MSFT,2020-08-18,210.53,212.36,209.21,211.49,0.96,0.45599,"August 18, 20"
MSFT,2020-08-17,209.6,211.19,208.92,210.28,0.68,0.32443,"August 17, 20"
MSFT,2020-08-14,208.76,209.59,207.51,208.9,0.14,0.06706266,"August 14, 20"
MSFT,2020-08-13,209.44,211.35,208.15,208.7,-0.74,-0.35332,"August 13, 20"
MSFT,2020-08-12,205.29,210.28,204.75,209.19,3.9,1.9,"August 12, 20"
MSFT,2020-08-11,207.16,207.65,203.14,203.38,-3.78,-1.82,"August 11, 20"
MSFT,2020-08-10,211.67,211.88,206.35,208.25,-3.42,-1.62,"August 10, 20"
MSFT,2020-08-07,214.85,215.7,210.93,212.48,-2.37,-1.1,"August 07, 20"
MSFT,2020-08-06,212.34,216.37,211.55,216.35,4.01,1.89,"August 06, 20"
MSFT,2020-08-05,214.9,215,211.57,212.94,-1.96,-0.91205,"August 05, 20"
MSFT,2020-08-04,214.17,214.77,210.31,213.29,-0.88,-0.41089,"August 04, 20"
MSFT,2020-08-03,211.52,217.64,210.44,216.54,5.02,2.37,"August 03, 20"
MSFT,2020-07-31,204.4,205.1,199.01,205.01,0.61,0.29843,"July 31, 20"
MSFT,2020-07-30,201,204.46,199.57,203.9,2.9,1.44,"July 30, 20"
MSFT,2020-07-29,202.5,204.65,202.01,204.06,1.56,0.77037,"July 29, 20"
MSFT,2020-07-28,203.61,204.7,201.74,202.02,-1.59,-0.7809,"July 28, 20"
MSFT,2020-07-27,201.47,203.97,200.86,203.85,2.38,1.18,"July 27, 20"
MSFT,2020-07-24,200.42,202.86,197.51,201.3,0.88,0.43908,"July 24, 20"
MSFT,2020-07-23,207.19,210.92,202.15,202.54,-4.65,-2.24,"July 23, 20"
MSFT,2020-07-22,209.2,212.3,208.39,211.75,2.55,1.22,"July 22, 20"
MSFT,2020-07-21,213.66,213.94,208.03,208.75,-4.91,-2.3,"July 21, 20"
MSFT,2020-07-20,205,212.3,203.01,211.6,6.6,3.22,"July 20, 20"
MSFT,2020-07-17,204.47,205.04,201.39,202.88,-1.59,-0.77762,"July 17, 20"
MSFT,2020-07-16,205.4,205.7,202.31,203.92,-1.48,-0.72055,"July 16, 20"
MSFT,2020-07-15,209.56,211.33,205.03,208.04,-1.52,-0.72533,"July 15, 20"
MSFT,2020-07-14,206.13,208.85,202.03,208.35,2.22,1.08,"July 14, 20"
MSFT,2020-07-13,214.48,215.8,206.5,207.07,-7.41,-3.45,"July 13, 20"
MSFT,2020-07-10,213.62,214.08,211.08,213.67,0.05,0.02340605,"July 10, 20"
MSFT,2020-07-09,216.33,216.38,211.47,214.32,-2.01,-0.92914,"July 09, 20"
MSFT,2020-07-08,210.07,213.26,208.69,212.83,2.76,1.31,"July 08, 20"
MSFT,2020-07-07,210.45,214.67,207.99,208.25,-2.2,-1.05,"July 07, 20"
MSFT,2020-07-06,208.83,211.13,208.09,210.7,1.87,0.89547,"July 06, 20"
MSFT,2020-07-02,205.68,208.02,205,206.26,0.58,0.28199,"July 02, 20"
MSFT,2020-07-01,203.14,206.35,201.77,204.7,1.56,0.76794,"July 01, 20"
MSFT,2020-06-30,197.88,204.4,197.74,203.51,5.63,2.85,"June 30, 20"
MSFT,2020-06-29,195.78,198.53,193.55,198.44,2.66,1.36,"June 29, 20"
MSFT,2020-06-26,199.73,199.89,194.88,196.33,-3.4,-1.7,"June 26, 20"
MSFT,2020-06-25,197.8,200.61,195.47,200.34,2.54,1.28,"June 25, 20"
MSFT,2020-06-24,201.6,203.25,196.56,197.84,-3.76,-1.87,"June 24, 20"
MSFT,2020-06-23,202.09,203.95,201.43,201.91,-0.18,-0.08906923,"June 23, 20"
MSFT,2020-06-22,195.79,200.76,195.23,200.57,4.78,2.44,"June 22, 20"
MSFT,2020-06-19,198.59,199.29,194.37,195.15,-3.44,-1.73,"June 19, 20"
MSFT,2020-06-18,194,196.49,194,196.32,2.32,1.2,"June 18, 20"
MSFT,2020-06-17,195.03,196.32,193.69,194.24,-0.79,-0.40507,"June 17, 20"
MSFT,2020-06-16,192.89,195.58,191.46,193.57,0.68,0.35253,"June 16, 20"
MSFT,2020-06-15,184.58,190.82,184.01,188.94,4.36,2.36,"June 15, 20"
MSFT,2020-06-12,190.54,191.72,185.18,187.74,-2.8,-1.47,"June 12, 20"
MSFT,2020-06-11,193.13,195.76,186.07,186.27,-6.86,-3.55,"June 11, 20"
MSFT,2020-06-10,191.13,198.52,191.01,196.84,5.71,2.99,"June 10, 20"
MSFT,2020-06-09,188,190.7,187.26,189.8,1.8,0.95745,"June 09, 20"
MSFT,2020-06-08,185.94,188.55,184.44,188.36,2.42,1.3,"June 08, 20"
MSFT,2020-06-05,182.62,187.73,182.01,187.2,4.58,2.51,"June 05, 20"
MSFT,2020-06-04,184.3,185.84,182.3,182.92,-1.38,-0.74878,"June 04, 20"
MSFT,2020-06-03,184.82,185.94,183.58,185.36,0.54,0.29218,"June 03, 20"
MSFT,2020-06-02,184.25,185,181.35,184.91,0.66,0.35821,"June 02, 20"
MSFT,2020-06-01,182.54,183,181.46,182.83,0.29,0.15887,"June 01, 20"
MSFT,2020-05-29,182.73,184.27,180.41,183.25,0.52,0.28457,"May 29, 20"
MSFT,2020-05-28,180.74,184.15,180.38,181.4,0.66,0.36517,"May 28, 20"
MSFT,2020-05-27,180.2,181.99,176.6,181.81,1.61,0.89345,"May 27, 20"
MSFT,2020-05-26,186.34,186.5,181.1,181.57,-4.77,-2.56,"May 26, 20"
MSFT,2020-05-22,183.19,184.46,182.54,183.51,0.32,0.17468,"May 22, 20"
MSFT,2020-05-21,185.4,186.67,183.29,183.43,-1.97,-1.06,"May 21, 20"
MSFT,2020-05-20,184.81,185.85,183.94,185.66,0.85,0.45993,"May 20, 20"
MSFT,2020-05-19,185.03,186.6,183.49,183.63,-1.4,-0.75663,"May 19, 20"
MSFT,2020-05-18,185.75,186.2,183.96,184.91,-0.84,-0.45222,"May 18, 20"
MSFT,2020-05-15,179.06,187.06,177,183.16,4.1,2.29,"May 15, 20"
MSFT,2020-05-14,177.54,180.69,175.68,180.53,2.99,1.68,"May 14, 20"
MSFT,2020-05-13,182.55,184.05,176.54,179.75,-2.8,-1.53,"May 13, 20"
MSFT,2020-05-12,186.8,187.04,182.3,182.51,-4.29,-2.3,"May 12, 20"
MSFT,2020-05-11,183.15,187.51,182.85,186.74,3.59,1.96,"May 11, 20"
MSFT,2020-05-08,184.98,185,183.36,184.68,-0.3,-0.16218,"May 08, 20"
MSFT,2020-05-07,184.17,184.55,182.58,183.6,-0.57,-0.3095,"May 07, 20"
MSFT,2020-05-06,182.08,184.2,181.63,182.54,0.46,0.25264,"May 06, 20"
MSFT,2020-05-05,180.62,183.65,179.9,180.76,0.14,0.0775108,"May 05, 20"
MSFT,2020-05-04,174.49,179,173.8,178.84,4.35,2.49,"May 04, 20"
MSFT,2020-05-01,175.8,178.64,174.01,174.57,-1.23,-0.69966,"May 01, 20"
MSFT,2020-04-30,180,180.4,176.23,179.21,-0.79,-0.43889,"April 30, 20"
MSFT,2020-04-29,173.22,177.68,171.88,177.43,4.21,2.43,"April 29, 20"
MSFT,2020-04-28,175.59,175.67,169.39,169.81,-5.78,-3.29,"April 28, 20"
MSFT,2020-04-27,176.59,176.9,173.3,174.05,-2.54,-1.44,"April 27, 20"
MSFT,2020-04-24,172.06,174.56,170.71,174.55,2.49,1.45,"April 24, 20"
MSFT,2020-04-23,174.11,175.06,170.91,171.42,-2.69,-1.55,"April 23, 20"
MSFT,2020-04-22,171.39,174,170.82,173.52,2.13,1.24,"April 22, 20"
MSFT,2020-04-21,173.5,173.67,166.11,167.82,-5.68,-3.27,"April 21, 20"
MSFT,2020-04-20,176.63,178.75,174.99,175.06,-1.57,-0.88886,"April 20, 20"
MSFT,2020-04-17,179.5,180,175.87,178.6,-0.9,-0.50139,"April 17, 20"
MSFT,2020-04-16,174.3,177.28,172.9,177.04,2.74,1.57,"April 16, 20"
MSFT,2020-04-15,171.2,173.57,169.24,171.88,0.68,0.3972,"April 15, 20"
MSFT,2020-04-14,169,173.75,168,173.7,4.7,2.78,"April 14, 20"
MSFT,2020-04-13,164.35,165.57,162.3,165.51,1.16,0.70581,"April 13, 20"
MSFT,2020-04-09,166.36,167.37,163.33,165.14,-1.22,-0.73335,"April 09, 20"
MSFT,2020-04-08,165.67,166.67,163.5,165.13,-0.54,-0.32595,"April 08, 20"
MSFT,2020-04-07,169.59,170,163.26,163.49,-6.1,-3.6,"April 07, 20"
MSFT,2020-04-06,160.32,166.5,157.58,165.27,4.95,3.09,"April 06, 20"
MSFT,2020-04-03,155.1,157.38,152.19,153.83,-1.27,-0.81883,"April 03, 20"
MSFT,2020-04-02,151.86,155.48,150.36,155.26,3.4,2.24,"April 02, 20"
MSFT,2020-04-01,153,157.75,150.82,152.11,-0.89,-0.5817,"April 01, 20"
MSFT,2020-03-31,159.4,164.78,156.56,157.71,-1.69,-1.06,"March 31, 20"
MSFT,2020-03-30,152.44,160.6,150.01,160.23,7.79,5.11,"March 30, 20"
MSFT,2020-03-27,151.75,154.89,149.2,149.7,-2.05,-1.35,"March 27, 20"
MSFT,2020-03-26,148.4,156.66,148.37,156.11,7.71,5.2,"March 26, 20"
MSFT,2020-03-25,148.91,154.33,144.44,146.92,-1.99,-1.34,"March 25, 20"
MSFT,2020-03-24,143.75,149.6,141.27,148.34,4.59,3.19,"March 24, 20"
MSFT,2020-03-23,137.01,140.57,132.52,135.98,-1.03,-0.75177,"March 23, 20"
MSFT,2020-03-20,146,147.1,135.86,137.35,-8.65,-5.92,"March 20, 20"
MSFT,2020-03-19,142.77,150.15,139,142.71,-0.06,-0.04202564,"March 19, 20"
MSFT,2020-03-18,138,146,135.02,140.4,2.4,1.74,"March 18, 20"
MSFT,2020-03-17,140,147.5,135,146.57,6.57,4.69,"March 17, 20"
MSFT,2020-03-16,140,149.35,135,135.42,-4.58,-3.27,"March 16, 20"
MSFT,2020-03-13,147.5,161.91,140.73,158.83,11.33,7.68,"March 13, 20"
MSFT,2020-03-12,145.3,153.47,138.58,139.06,-6.24,-4.29,"March 12, 20"
MSFT,2020-03-11,157.13,157.7,151.15,153.63,-3.5,-2.23,"March 11, 20"
MSFT,2020-03-10,158.16,161.03,152.58,160.92,2.76,1.75,"March 10, 20"
MSFT,2020-03-09,151,157.75,150,150.62,-0.38,-0.25166,"March 09, 20"
MSFT,2020-03-06,162.61,163.11,156,161.57,-1.04,-0.63957,"March 06, 20"
MSFT,2020-03-05,166.05,170.87,165.69,166.27,0.22,0.13249,"March 05, 20"
MSFT,2020-03-04,168.49,170.7,165.62,170.55,2.06,1.22,"March 04, 20"
MSFT,2020-03-03,173.8,175,162.26,164.51,-9.29,-5.35,"March 03, 20"
MSFT,2020-03-02,165.31,172.92,162.31,172.79,7.48,4.52,"March 02, 20"
MSFT,2020-02-28,152.41,163.71,152,162.01,9.6,6.3,"February 28, 20"
MSFT,2020-02-27,163.32,167.03,157.98,158.18,-5.14,-3.15,"February 27, 20"
MSFT,2020-02-26,169.71,173.26,168.21,170.17,0.46,0.27105,"February 26, 20"
MSFT,2020-02-25,174.2,174.84,167.65,168.07,-6.13,-3.52,"February 25, 20"
MSFT,2020-02-24,167.77,174.55,163.23,170.89,3.12,1.86,"February 24, 20"
MSFT,2020-02-21,183.17,183.5,177.25,178.59,-4.58,-2.5,"February 21, 20"
MSFT,2020-02-20,186.95,187.25,181.1,184.42,-2.53,-1.35,"February 20, 20"
MSFT,2020-02-19,188.06,188.18,186.47,187.28,-0.78,-0.41476,"February 19, 20"
MSFT,2020-02-18,185.61,187.7,185.5,187.23,1.62,0.8728,"February 18, 20"
MSFT,2020-02-14,183.25,185.41,182.65,185.35,2.1,1.15,"February 14, 20"
MSFT,2020-02-13,183.08,186.23,182.87,183.71,0.63,0.34411,"February 13, 20"
MSFT,2020-02-12,185.58,185.85,181.85,184.71,-0.87,-0.4688,"February 12, 20"
MSFT,2020-02-11,190.65,190.7,183.5,184.44,-6.21,-3.26,"February 11, 20"
MSFT,2020-02-10,183.58,188.84,183.25,188.7,5.12,2.79,"February 10, 20"
MSFT,2020-02-07,182.85,185.63,182.48,183.89,1.04,0.56877,"February 07, 20"
MSFT,2020-02-06,180.97,183.82,180.06,183.63,2.66,1.47,"February 06, 20"
MSFT,2020-02-05,184.03,184.2,178.41,179.9,-4.13,-2.24,"February 05, 20"
MSFT,2020-02-04,177.14,180.64,176.31,180.12,2.98,1.68,"February 04, 20"
MSFT,2020-02-03,170.43,174.5,170.4,174.38,3.95,2.32,"February 03, 20"
MSFT,2020-01-31,172.21,172.4,169.58,170.23,-1.98,-1.15,"January 31, 20"
MSFT,2020-01-30,174.05,174.05,170.79,172.78,-1.27,-0.72968,"January 30, 20"
MSFT,2020-01-29,167.84,168.75,165.69,168.04,0.2,0.11916,"January 29, 20"
MSFT,2020-01-28,163.78,165.76,163.07,165.46,1.68,1.03,"January 28, 20"
MSFT,2020-01-27,161.15,163.38,160.2,162.28,1.13,0.70121,"January 27, 20"
MSFT,2020-01-24,167.51,167.53,164.45,165.04,-2.47,-1.47,"January 24, 20"
MSFT,2020-01-23,166.19,166.8,165.27,166.72,0.53,0.31891,"January 23, 20"
MSFT,2020-01-22,167.4,167.49,165.68,165.7,-1.7,-1.02,"January 22, 20"
MSFT,2020-01-21,166.68,168.19,166.43,166.5,-0.18,-0.10799,"January 21, 20"
MSFT,2020-01-17,167.42,167.47,165.43,167.1,-0.32,-0.19114,"January 17, 20"
MSFT,2020-01-16,164.35,166.24,164.03,166.17,1.82,1.11,"January 16, 20"
MSFT,2020-01-15,162.62,163.94,162.57,163.18,0.56,0.34436,"January 15, 20"
MSFT,2020-01-14,163.39,163.6,161.72,162.13,-1.26,-0.77116,"January 14, 20"
MSFT,2020-01-13,161.76,163.31,161.26,163.28,1.52,0.93966,"January 13, 20"
MSFT,2020-01-10,162.82,163.22,161.18,161.34,-1.48,-0.90898,"January 10, 20"
MSFT,2020-01-09,161.84,162.22,161.03,162.09,0.25,0.15447,"January 09, 20"
MSFT,2020-01-08,158.93,160.8,157.95,160.09,1.16,0.72988,"January 08, 20"
MSFT,2020-01-07,159.32,159.67,157.32,157.58,-1.74,-1.09,"January 07, 20"
MSFT,2020-01-06,157.08,159.1,156.51,159.03,1.95,1.24,"January 06, 20"
MSFT,2020-01-03,158.32,159.95,158.06,158.62,0.3,0.18949,"January 03, 20"
MSFT,2020-01-02,158.78,160.73,158.33,160.62,1.84,1.16,"January 02, 20"
MSFT,2019-12-31,156.77,157.77,156.45,157.7,0.93,0.59323,"December 31, 19"
MSFT,2019-12-30,158.99,159.02,156.73,157.59,-1.4,-0.88056,"December 30, 19"
MSFT,2019-12-27,159.45,159.55,158.22,158.96,-0.49,-0.30731,"December 27, 19"
MSFT,2019-12-26,157.56,158.73,157.4,158.67,1.11,0.70449,"December 26, 19"
MSFT,2019-12-24,157.48,157.71,157.12,157.38,-0.1,-0.06350013,"December 24, 19"
MSFT,2019-12-23,158.12,158.12,157.27,157.41,-0.71,-0.44903,"December 23, 19"
MSFT,2019-12-20,157.35,158.49,156.29,157.41,0.06,0.03813155,"December 20, 19"
MSFT,2019-12-19,154,155.77,153.75,155.71,1.71,1.11,"December 19, 19"
MSFT,2019-12-18,154.3,155.48,154.18,154.37,0.07,0.04536617,"December 18, 19"
MSFT,2019-12-17,155.45,155.71,154.45,154.69,-0.76,-0.4889,"December 17, 19"
MSFT,2019-12-16,155.11,155.9,154.82,155.53,0.42,0.27078,"December 16, 19"
MSFT,2019-12-13,153,154.89,152.83,154.53,1.53,1,"December 13, 19"
MSFT,2019-12-12,151.65,153.44,151.02,153.24,1.59,1.05,"December 12, 19"
MSFT,2019-12-11,151.54,151.87,150.33,151.7,0.16,0.10558,"December 11, 19"
MSFT,2019-12-10,151.29,151.89,150.76,151.13,-0.16,-0.10576,"December 10, 19"
MSFT,2019-12-09,151.07,152.21,150.91,151.36,0.29,0.19196,"December 09, 19"
MSFT,2019-12-06,150.99,151.87,150.27,151.75,0.76,0.50334,"December 06, 19"
MSFT,2019-12-05,150.05,150.32,149.48,149.93,-0.12,-0.07997334,"December 05, 19"
MSFT,2019-12-04,150.14,150.18,149.2,149.85,-0.29,-0.19315,"December 04, 19"
MSFT,2019-12-03,147.49,149.43,146.65,149.31,1.82,1.23,"December 03, 19"
MSFT,2019-12-02,151.81,151.83,148.32,149.55,-2.26,-1.49,"December 02, 19"
MSFT,2019-11-29,152.1,152.3,151.28,151.38,-0.72,-0.47337,"November 29, 19"
MSFT,2019-11-27,152.33,152.5,151.52,152.32,-0.01,-0.0065647,"November 27, 19"
MSFT,2019-11-26,151.36,152.42,151.32,152.03,0.67,0.44265,"November 26, 19"
MSFT,2019-11-25,150,151.35,149.92,151.23,1.23,0.82,"November 25, 19"
MSFT,2019-11-22,150.07,150.3,148.82,149.59,-0.48,-0.31985,"November 22, 19"
MSFT,2019-11-21,149.4,149.8,148.5,149.48,0.08,0.05354752,"November 21, 19"
MSFT,2019-11-20,150.31,150.84,148.46,149.62,-0.69,-0.45905,"November 20, 19"
MSFT,2019-11-19,150.88,151.33,150.2,150.39,-0.49,-0.32476,"November 19, 19"
MSFT,2019-11-18,150.07,150.55,148.98,150.34,0.27,0.17992,"November 18, 19"
MSFT,2019-11-15,148.93,149.99,148.27,149.97,1.04,0.69831,"November 15, 19"
MSFT,2019-11-14,147.02,148.41,147,148.06,1.04,0.70739,"November 14, 19"
MSFT,2019-11-13,146.74,147.46,146.28,147.31,0.57,0.38844,"November 13, 19"
MSFT,2019-11-12,146.28,147.57,146.06,147.07,0.79,0.54006,"November 12, 19"
MSFT,2019-11-11,145.34,146.42,144.73,146.11,0.77,0.52979,"November 11, 19"
MSFT,2019-11-08,143.98,145.99,143.76,145.96,1.98,1.38,"November 08, 19"
MSFT,2019-11-07,143.84,144.88,143.77,144.26,0.42,0.29199,"November 07, 19"
MSFT,2019-11-06,144.37,144.52,143.2,144.06,-0.31,-0.21473,"November 06, 19"
MSFT,2019-11-05,144.97,145.02,143.91,144.46,-0.51,-0.3518,"November 05, 19"
MSFT,2019-11-04,144.83,145,144.16,144.55,-0.28,-0.19333,"November 04, 19"
MSFT,2019-11-01,144.26,144.42,142.97,143.72,-0.54,-0.37432,"November 01, 19"
MSFT,2019-10-31,144.9,144.93,142.99,143.37,-1.53,-1.06,"October 31, 19"
MSFT,2019-10-30,143.52,145,142.79,144.61,1.09,0.75948,"October 30, 19"
MSFT,2019-10-29,144.08,144.5,142.65,142.83,-1.25,-0.86757,"October 29, 19"
MSFT,2019-10-28,144.4,145.67,143.51,144.19,-0.21,-0.14543,"October 28, 19"
MSFT,2019-10-25,139.34,141.14,139.2,140.73,1.39,0.99756,"October 25, 19"
MSFT,2019-10-24,139.39,140.42,138.67,139.94,0.55,0.39458,"October 24, 19"
MSFT,2019-10-23,136.88,137.45,135.61,137.24,0.36,0.263,"October 23, 19"
MSFT,2019-10-22,138.97,140.01,136.26,136.37,-2.6,-1.87,"October 22, 19"
MSFT,2019-10-21,138.45,138.5,137.01,138.43,-0.02,-0.01444565,"October 21, 19"
MSFT,2019-10-18,139.76,140,136.56,137.41,-2.35,-1.68,"October 18, 19"
MSFT,2019-10-17,140.95,141.42,139.02,139.69,-1.26,-0.89393,"October 17, 19"
MSFT,2019-10-16,140.79,140.99,139.53,140.41,-0.38,-0.26991,"October 16, 19"
MSFT,2019-10-15,140.06,141.79,139.81,141.57,1.51,1.08,"October 15, 19"
MSFT,2019-10-14,139.69,140.29,139.52,139.55,-0.14,-0.10022,"October 14, 19"
MSFT,2019-10-11,140.12,141.03,139.5,139.68,-0.44,-0.31402,"October 11, 19"
MSFT,2019-10-10,138.49,139.67,138.25,139.1,0.61,0.44047,"October 10, 19"
MSFT,2019-10-09,137.46,138.7,136.97,138.24,0.78,0.56744,"October 09, 19"
MSFT,2019-10-08,137.08,137.76,135.62,135.67,-1.41,-1.03,"October 08, 19"
MSFT,2019-10-07,137.14,138.18,137.02,137.12,-0.02,-0.01458364,"October 07, 19"
MSFT,2019-10-04,136.75,138.25,136.42,138.12,1.37,1,"October 04, 19"
MSFT,2019-10-03,134.95,136.75,133.22,136.28,1.33,0.98555,"October 03, 19"
MSFT,2019-10-02,136.25,136.37,133.58,134.65,-1.6,-1.17,"October 02, 19"
MSFT,2019-10-01,139.66,140.25,137,137.07,-2.59,-1.85,"October 01, 19"
MSFT,2019-09-30,138.05,139.22,137.78,139.03,0.98,0.70989,"September 30, 19"
MSFT,2019-09-27,140.15,140.36,136.65,137.73,-2.42,-1.73,"September 27, 19"
MSFT,2019-09-26,139.44,140.18,138.44,139.54,0.1,0.07171543,"September 26, 19"
MSFT,2019-09-25,137.5,139.96,136.03,139.36,1.86,1.35,"September 25, 19"
MSFT,2019-09-24,140.36,140.69,136.88,137.38,-2.98,-2.12,"September 24, 19"
MSFT,2019-09-23,139.23,139.63,138.44,139.14,-0.09,-0.06464124,"September 23, 19"
MSFT,2019-09-20,141.01,141.65,138.25,139.44,-1.57,-1.11,"September 20, 19"
MSFT,2019-09-19,140.3,142.37,140.07,141.07,0.77,0.54882,"September 19, 19"
MSFT,2019-09-18,137.36,138.67,136.53,138.52,1.16,0.8445,"September 18, 19"
MSFT,2019-09-17,136.96,137.52,136.43,137.39,0.43,0.31396,"September 17, 19"
MSFT,2019-09-16,135.83,136.7,135.66,136.33,0.5,0.36811,"September 16, 19"
MSFT,2019-09-13,137.78,138.06,136.57,137.32,-0.46,-0.33387,"September 13, 19"
MSFT,2019-09-12,137.85,138.42,136.87,137.52,-0.33,-0.23939,"September 12, 19"
MSFT,2019-09-11,135.91,136.27,135.09,136.12,0.21,0.15451,"September 11, 19"
MSFT,2019-09-10,136.8,136.89,134.51,136.08,-0.72,-0.52632,"September 10, 19"
MSFT,2019-09-09,139.59,139.75,136.46,137.52,-2.07,-1.48,"September 09, 19"
MSFT,2019-09-06,140.03,140.18,138.2,139.1,-0.93,-0.66414,"September 06, 19"
MSFT,2019-09-05,139.11,140.38,138.76,140.05,0.94,0.67572,"September 05, 19"
MSFT,2019-09-04,137.3,137.69,136.48,137.63,0.33,0.24035,"September 04, 19"
MSFT,2019-09-03,136.61,137.2,135.7,136.04,-0.57,-0.41725,"September 03, 19"
MSFT,2019-08-30,139.15,139.18,136.27,137.86,-1.29,-0.92706,"August 30, 19"
MSFT,2019-08-29,137.25,138.44,136.91,138.12,0.87,0.63388,"August 29, 19"
MSFT,2019-08-28,134.88,135.76,133.55,135.56,0.68,0.50415,"August 28, 19"
MSFT,2019-08-27,136.39,136.72,134.66,135.74,-0.65,-0.47657,"August 27, 19"
MSFT,2019-08-26,134.99,135.56,133.9,135.45,0.46,0.34077,"August 26, 19"
MSFT,2019-08-23,137.19,138.35,132.8,133.39,-3.8,-2.77,"August 23, 19"
MSFT,2019-08-22,138.66,139.2,136.29,137.78,-0.88,-0.63465,"August 22, 19"
MSFT,2019-08-21,138.55,139.49,138,138.79,0.24,0.17322,"August 21, 19"
MSFT,2019-08-20,138.21,138.71,137.24,137.26,-0.95,-0.68736,"August 20, 19"
MSFT,2019-08-19,137.85,138.55,136.89,138.41,0.56,0.40624,"August 19, 19"
MSFT,2019-08-16,134.88,136.46,134.72,136.13,1.25,0.92675,"August 16, 19"
MSFT,2019-08-15,134.39,134.58,132.25,133.68,-0.71,-0.52831,"August 15, 19"
MSFT,2019-08-14,136.36,136.92,133.67,133.98,-2.38,-1.75,"August 14, 19"
MSFT,2019-08-13,136.05,138.8,135,138.6,2.55,1.87,"August 13, 19"
MSFT,2019-08-12,137.07,137.86,135.24,135.79,-1.28,-0.93383,"August 12, 19"
MSFT,2019-08-09,138.61,139.38,136.46,137.71,-0.9,-0.6493,"August 09, 19"
MSFT,2019-08-08,136.6,138.99,135.93,138.89,2.29,1.68,"August 08, 19"
MSFT,2019-08-07,133.79,135.65,131.83,135.28,1.49,1.11,"August 07, 19"
MSFT,2019-08-06,133.8,135.68,133.21,134.69,0.89,0.66517,"August 06, 19"
MSFT,2019-08-05,133.3,133.93,130.78,132.21,-1.09,-0.8177,"August 05, 19"
MSFT,2019-08-02,138.09,138.32,135.26,136.9,-1.19,-0.86176,"August 02, 19"
MSFT,2019-08-01,137,140.94,136.93,138.06,1.06,0.77372,"August 01, 19"
MSFT,2019-07-31,140.33,140.49,135.08,136.27,-4.06,-2.89,"July 31, 19"
MSFT,2019-07-30,140.14,141.22,139.8,140.35,0.21,0.14985,"July 30, 19"
MSFT,2019-07-29,141.5,141.51,139.37,141.03,-0.47,-0.33216,"July 29, 19"
MSFT,2019-07-26,140.37,141.68,140.3,141.34,0.97,0.69103,"July 26, 19"
MSFT,2019-07-25,140.43,140.61,139.32,140.19,-0.24,-0.1709,"July 25, 19"
MSFT,2019-07-24,138.9,140.74,138.85,140.72,1.82,1.31,"July 24, 19"
MSFT,2019-07-23,139.76,139.99,138.03,139.29,-0.47,-0.33629,"July 23, 19"
MSFT,2019-07-22,137.41,139.19,137.33,138.43,1.02,0.7423,"July 22, 19"
MSFT,2019-07-19,140.22,140.67,136.45,136.62,-3.6,-2.57,"July 19, 19"
MSFT,2019-07-18,135.55,136.62,134.67,136.42,0.87,0.64183,"July 18, 19"
MSFT,2019-07-17,137.7,137.93,136.22,136.27,-1.43,-1.04,"July 17, 19"
MSFT,2019-07-16,138.96,139.05,136.52,137.08,-1.88,-1.35,"July 16, 19"
MSFT,2019-07-15,139.44,139.54,138.46,138.9,-0.54,-0.38726,"July 15, 19"
MSFT,2019-07-12,138.85,139.13,138.01,138.9,0.05,0.03601008,"July 12, 19"
MSFT,2019-07-11,138.2,139.22,137.87,138.4,0.2,0.14472,"July 11, 19"
MSFT,2019-07-10,137.13,138.58,137.02,137.85,0.72,0.52505,"July 10, 19"
MSFT,2019-07-09,136,136.97,135.8,136.46,0.46,0.33824,"July 09, 19"
MSFT,2019-07-08,136.4,137.1,135.37,136.96,0.56,0.41056,"July 08, 19"
MSFT,2019-07-05,135.94,137.33,135.72,137.06,1.12,0.82389,"July 05, 19"
MSFT,2019-07-03,136.8,137.74,136.29,137.46,0.66,0.48246,"July 03, 19"
MSFT,2019-07-02,136.12,136.59,135.34,136.58,0.46,0.33794,"July 02, 19"
MSFT,2019-07-01,136.63,136.7,134.97,135.68,-0.95,-0.69531,"July 01, 19"
MSFT,2019-06-28,134.57,134.6,133.16,133.96,-0.61,-0.4533,"June 28, 19"
MSFT,2019-06-27,134.14,134.71,133.51,134.15,0.01,0.0074549,"June 27, 19"
MSFT,2019-06-26,134.35,135.74,133.6,133.93,-0.42,-0.31262,"June 26, 19"
MSFT,2019-06-25,137.25,137.59,132.73,133.43,-3.82,-2.78,"June 25, 19"
MSFT,2019-06-24,137,138.4,137,137.78,0.78,0.56934,"June 24, 19"
MSFT,2019-06-21,136.58,137.73,136.46,136.97,0.39,0.28555,"June 21, 19"
MSFT,2019-06-20,137.45,137.66,135.72,136.95,-0.5,-0.36377,"June 20, 19"
MSFT,2019-06-19,135,135.93,133.81,135.69,0.69,0.51111,"June 19, 19"
MSFT,2019-06-18,134.19,135.24,133.57,135.16,0.97,0.72286,"June 18, 19"
MSFT,2019-06-17,132.63,133.73,132.53,132.85,0.22,0.16587,"June 17, 19"
MSFT,2019-06-14,132.26,133.79,131.64,132.45,0.19,0.14366,"June 14, 19"
MSFT,2019-06-13,131.98,133,131.56,132.32,0.34,0.25761,"June 13, 19"
MSFT,2019-06-12,131.4,131.97,130.71,131.49,0.09,0.06849315,"June 12, 19"
MSFT,2019-06-11,133.88,134.24,131.28,132.1,-1.78,-1.33,"June 11, 19"
MSFT,2019-06-10,132.4,134.08,132,132.6,0.2,0.15106,"June 10, 19"
MSFT,2019-06-07,129.19,132.25,128.26,131.4,2.21,1.71,"June 07, 19"
MSFT,2019-06-06,126.44,127.97,125.6,127.82,1.38,1.09,"June 06, 19"
MSFT,2019-06-05,124.95,125.87,124.21,125.83,0.88,0.70428,"June 05, 19"
MSFT,2019-06-04,121.28,123.28,120.65,123.16,1.88,1.55,"June 04, 19"
MSFT,2019-06-03,123.85,124.37,119.01,119.84,-4.01,-3.24,"June 03, 19"
MSFT,2019-05-31,124.23,124.62,123.32,123.68,-0.55,-0.44273,"May 31, 19"
MSFT,2019-05-30,125.26,125.76,124.78,125.73,0.47,0.37522,"May 30, 19"
MSFT,2019-05-29,125.38,125.39,124.04,124.94,-0.44,-0.35093,"May 29, 19"
MSFT,2019-05-28,126.98,128,126.05,126.16,-0.82,-0.64577,"May 28, 19"
MSFT,2019-05-24,126.91,127.42,125.97,126.24,-0.67,-0.52793,"May 24, 19"
MSFT,2019-05-23,126.2,126.29,124.74,126.18,-0.02,-0.01584786,"May 23, 19"
MSFT,2019-05-22,126.62,128.24,126.52,127.67,1.05,0.82925,"May 22, 19"
MSFT,2019-05-21,127.43,127.53,126.58,126.9,-0.53,-0.41591,"May 21, 19"
MSFT,2019-05-20,126.52,127.59,125.76,126.22,-0.3,-0.23712,"May 20, 19"
MSFT,2019-05-17,128.31,130.46,127.92,128.07,-0.24,-0.18705,"May 17, 19"
MSFT,2019-05-16,126.75,129.38,126.46,128.93,2.18,1.72,"May 16, 19"
MSFT,2019-05-15,124.26,126.71,123.7,126.02,1.76,1.42,"May 15, 19"
MSFT,2019-05-14,123.87,125.88,123.7,124.73,0.86,0.69428,"May 14, 19"
MSFT,2019-05-13,124.11,125.55,123.04,123.35,-0.76,-0.61236,"May 13, 19"
MSFT,2019-05-10,124.91,127.93,123.82,127.13,2.22,1.78,"May 10, 19"
MSFT,2019-05-09,124.29,125.79,123.57,125.5,1.21,0.97353,"May 09, 19"
MSFT,2019-05-08,125.44,126.37,124.75,125.51,0.07,0.05580357,"May 08, 19"
MSFT,2019-05-07,126.46,127.18,124.22,125.52,-0.94,-0.74332,"May 07, 19"
MSFT,2019-05-06,126.39,128.56,126.11,128.15,1.76,1.39,"May 06, 19"
